Time,ssid,bssid,sec,channel,rssi
15:30:00,iPhone,"b'\x1ecW""\xdc\xed'",3,6,-33
15:30:00,HUAWEI_E5576_E704,b'\xd8\xa4\x91\xa7\xe7\x04',3,7,-44
15:30:02,iPhone,"b'\x1ecW""\xdc\xed'",3,6,-28
15:30:02,HUAWEI_E5576_E704,b'\xd8\xa4\x91\xa7\xe7\x04',3,7,-46
15:30:04,HUAWEI_E5576_E704,b'\xd8\xa4\x91\xa7\xe7\x04',3,7,-30
15:30:04,iPhone,"b'\x1ecW""\xdc\xed'",3,6,-33
15:30:05,HUAWEI_E5576_E704,b'\xd8\xa4\x91\xa7\xe7\x04',3,7,-38
15:30:05,iPhone,"b'\x1ecW""\xdc\xed'",3,6,-41
15:30:07,iPhone,"b'\x1ecW""\xdc\xed'",3,6,-33
15:30:07,HUAWEI_E5576_E704,b'\xd8\xa4\x91\xa7\xe7\x04',3,7,-46
15:30:09,iPhone,"b'\x1ecW""\xdc\xed'",3,6,-30
15:30:09,HUAWEI_E5576_E704,b'\xd8\xa4\x91\xa7\xe7\x04',3,7,-43
15:30:11,iPhone,"b'\x1ecW""\xdc\xed'",3,6,-30
15:30:11,HUAWEI_E5576_E704,b'\xd8\xa4\x91\xa7\xe7\x04',3,7,-31
15:30:13,iPhone,"b'\x1ecW""\xdc\xed'",3,6,-32
15:30:13,HUAWEI_E5576_E704,b'\xd8\xa4\x91\xa7\xe7\x04',3,7,-40
15:30:15,iPhone,"b'\x1ecW""\xdc\xed'",3,6,-35
15:30:15,HUAWEI_E5576_E704,b'\xd8\xa4\x91\xa7\xe7\x04',3,7,-44
15:30:17,iPhone,"b'\x1ecW""\xdc\xed'",3,6,-30
15:30:17,HUAWEI_E5576_E704,b'\xd8\xa4\x91\xa7\xe7\x04',3,7,-48
15:30:18,iPhone,"b'\x1ecW""\xdc\xed'",3,6,-32
15:30:18,HUAWEI_E5576_E704,b'\xd8\xa4\x91\xa7\xe7\x04',3,7,-37
15:30:20,iPhone,"b'\x1ecW""\xdc\xed'",3,6,-29
15:30:20,HUAWEI_E5576_E704,b'\xd8\xa4\x91\xa7\xe7\x04',3,7,-41
15:30:22,iPhone,"b'\x1ecW""\xdc\xed'",3,6,-29
15:30:22,HUAWEI_E5576_E704,b'\xd8\xa4\x91\xa7\xe7\x04',3,7,-34
15:30:24,iPhone,"b'\x1ecW""\xdc\xed'",3,6,-32
15:30:24,HUAWEI_E5576_E704,b'\xd8\xa4\x91\xa7\xe7\x04',3,7,-47
15:30:26,iPhone,"b'\x1ecW""\xdc\xed'",3,6,-31
15:30:26,HUAWEI_E5576_E704,b'\xd8\xa4\x91\xa7\xe7\x04',3,7,-42
15:30:28,HUAWEI_E5576_E704,b'\xd8\xa4\x91\xa7\xe7\x04',3,7,-53
15:30:30,iPhone,"b'\x1ecW""\xdc\xed'",3,6,-32
15:30:30,HUAWEI_E5576_E704,b'\xd8\xa4\x91\xa7\xe7\x04',3,7,-46
15:30:32,iPhone,"b'\x1ecW""\xdc\xed'",3,6,-29
15:30:32,HUAWEI_E5576_E704,b'\xd8\xa4\x91\xa7\xe7\x04',3,7,-51
15:30:33,iPhone,"b'\x1ecW""\xdc\xed'",3,6,-30
15:30:33,HUAWEI_E5576_E704,b'\xd8\xa4\x91\xa7\xe7\x04',3,7,-48
15:30:35,iPhone,"b'\x1ecW""\xdc\xed'",3,6,-29
15:30:35,HUAWEI_E5576_E704,b'\xd8\xa4\x91\xa7\xe7\x04',3,7,-52
15:30:37,iPhone,"b'\x1ecW""\xdc\xed'",3,6,-31
15:30:37,HUAWEI_E5576_E704,b'\xd8\xa4\x91\xa7\xe7\x04',3,7,-51
15:30:39,iPhone,"b'\x1ecW""\xdc\xed'",3,6,-32
15:30:39,HUAWEI_E5576_E704,b'\xd8\xa4\x91\xa7\xe7\x04',3,7,-50
15:30:41,iPhone,"b'\x1ecW""\xdc\xed'",3,6,-28
15:30:41,HUAWEI_E5576_E704,b'\xd8\xa4\x91\xa7\xe7\x04',3,7,-48
15:30:43,iPhone,"b'\x1ecW""\xdc\xed'",3,6,-28
15:30:43,HUAWEI_E5576_E704,b'\xd8\xa4\x91\xa7\xe7\x04',3,7,-53
15:30:45,iPhone,"b'\x1ecW""\xdc\xed'",3,6,-28
15:30:46,iPhone,"b'\x1ecW""\xdc\xed'",3,6,-28
15:30:46,HUAWEI_E5576_E704,b'\xd8\xa4\x91\xa7\xe7\x04',3,7,-52
15:30:48,iPhone,"b'\x1ecW""\xdc\xed'",3,6,-29
15:30:48,HUAWEI_E5576_E704,b'\xd8\xa4\x91\xa7\xe7\x04',3,7,-49
15:30:50,iPhone,"b'\x1ecW""\xdc\xed'",3,6,-30
15:30:50,HUAWEI_E5576_E704,b'\xd8\xa4\x91\xa7\xe7\x04',3,7,-45
15:30:52,iPhone,"b'\x1ecW""\xdc\xed'",3,6,-30
15:30:52,HUAWEI_E5576_E704,b'\xd8\xa4\x91\xa7\xe7\x04',3,7,-48
15:30:54,iPhone,"b'\x1ecW""\xdc\xed'",3,6,-31
15:30:54,HUAWEI_E5576_E704,b'\xd8\xa4\x91\xa7\xe7\x04',3,7,-52
15:30:56,iPhone,"b'\x1ecW""\xdc\xed'",3,6,-30
15:30:56,HUAWEI_E5576_E704,b'\xd8\xa4\x91\xa7\xe7\x04',3,7,-48
15:30:58,iPhone,"b'\x1ecW""\xdc\xed'",3,6,-30
15:30:58,HUAWEI_E5576_E704,b'\xd8\xa4\x91\xa7\xe7\x04',3,7,-48
15:30:59,iPhone,"b'\x1ecW""\xdc\xed'",3,6,-30
15:30:59,HUAWEI_E5576_E704,b'\xd8\xa4\x91\xa7\xe7\x04',3,7,-57
15:30:59,freefree,b'\x14\x0cv\x7f\xf0\xf5',4,11,-96
15:31:01,iPhone,"b'\x1ecW""\xdc\xed'",3,6,-30
15:31:01,HUAWEI_E5576_E704,b'\xd8\xa4\x91\xa7\xe7\x04',3,7,-54
15:31:01,FreeWifi_secure,b'\xe4\x9e\x12n\xf1\xe6',5,11,-96
15:31:03,iPhone,"b'\x1ecW""\xdc\xed'",3,6,-31
15:31:03,HUAWEI_E5576_E704,b'\xd8\xa4\x91\xa7\xe7\x04',3,7,-50
15:31:03,Bichoute,b'j^\xde\xdb\xfd|',0,11,-92
15:31:03,FreeWifi_secure,b'p\xfc\x8f7\x8c\x06',5,11,-94
15:31:05,iPhone,"b'\x1ecW""\xdc\xed'",3,6,-29
15:31:05,HUAWEI_E5576_E704,b'\xd8\xa4\x91\xa7\xe7\x04',3,7,-55
15:31:07,iPhone,"b'\x1ecW""\xdc\xed'",3,6,-30
15:31:07,HUAWEI_E5576_E704,b'\xd8\xa4\x91\xa7\xe7\x04',3,7,-49
15:31:07,Bbox-098A3C3F,b'\xf4\x17\xb8h\x9a\x88',4,6,-88
15:31:07,FreeWifi_secure,b'\xe4\x9e\x12n\xf1\xe6',5,11,-95
15:31:09,iPhone,"b'\x1ecW""\xdc\xed'",3,6,-31
15:31:09,HUAWEI_E5576_E704,b'\xd8\xa4\x91\xa7\xe7\x04',3,7,-45
15:31:09,Freebox-37C1C7,b'\x8c\x97\xea\x96\xf4p',3,11,-96
15:31:11,iPhone,"b'\x1ecW""\xdc\xed'",3,6,-29
15:31:11,HUAWEI_E5576_E704,b'\xd8\xa4\x91\xa7\xe7\x04',3,7,-46
15:31:11,Bichoute,b'j^\xde\xdb\xfd|',0,11,-80
15:31:11,Bbox-098A3C3F,b'\xf4\x17\xb8h\x9a\x88',4,6,-91
15:31:13,iPhone,"b'\x1ecW""\xdc\xed'",3,6,-32
15:31:13,HUAWEI_E5576_E704,b'\xd8\xa4\x91\xa7\xe7\x04',3,7,-47
15:31:13,Bichoute,b'j^\xde\xdb\xfd|',0,11,-82
15:31:15,iPhone,"b'\x1ecW""\xdc\xed'",3,6,-31
15:31:15,HUAWEI_E5576_E704,b'\xd8\xa4\x91\xa7\xe7\x04',3,7,-54
15:31:15,SFR_7F48,b'la\xf41\x7fN',4,1,-89
15:31:16,iPhone,"b'\x1ecW""\xdc\xed'",3,6,-31
15:31:16,HUAWEI_E5576_E704,b'\xd8\xa4\x91\xa7\xe7\x04',3,7,-45
15:31:18,iPhone,"b'\x1ecW""\xdc\xed'",3,6,-30
15:31:18,HUAWEI_E5576_E704,b'\xd8\xa4\x91\xa7\xe7\x04',3,7,-55
15:31:20,iPhone,"b'\x1ecW""\xdc\xed'",3,6,-36
15:31:20,HUAWEI_E5576_E704,b'\xd8\xa4\x91\xa7\xe7\x04',3,7,-49
15:31:22,iPhone,"b'\x1ecW""\xdc\xed'",3,6,-31
15:31:22,HUAWEI_E5576_E704,b'\xd8\xa4\x91\xa7\xe7\x04',3,7,-47
15:31:24,iPhone,"b'\x1ecW""\xdc\xed'",3,6,-33
15:31:24,HUAWEI_E5576_E704,b'\xd8\xa4\x91\xa7\xe7\x04',3,7,-50
15:31:24,Freebox-485473,b'\xe4\x9e\x12\xceA\x80',3,11,-96
15:31:26,iPhone,"b'\x1ecW""\xdc\xed'",3,6,-44
15:31:26,HUAWEI_E5576_E704,b'\xd8\xa4\x91\xa7\xe7\x04',3,7,-53
15:31:28,HUAWEI_E5576_E704,b'\xd8\xa4\x91\xa7\xe7\x04',3,7,-49
15:31:28,iPhone,"b'\x1ecW""\xdc\xed'",3,6,-60
15:31:29,HUAWEI_E5576_E704,b'\xd8\xa4\x91\xa7\xe7\x04',3,7,-44
15:31:29,iPhone,"b'\x1ecW""\xdc\xed'",3,6,-50
15:31:31,iPhone,"b'\x1ecW""\xdc\xed'",3,6,-33
15:31:31,HUAWEI_E5576_E704,b'\xd8\xa4\x91\xa7\xe7\x04',3,7,-44
15:31:33,iPhone,"b'\x1ecW""\xdc\xed'",3,6,-40
15:31:33,HUAWEI_E5576_E704,b'\xd8\xa4\x91\xa7\xe7\x04',3,7,-51
15:31:35,iPhone,"b'\x1ecW""\xdc\xed'",3,6,-32
15:31:35,HUAWEI_E5576_E704,b'\xd8\xa4\x91\xa7\xe7\x04',3,7,-55
15:31:37,iPhone,"b'\x1ecW""\xdc\xed'",3,6,-39
15:31:37,HUAWEI_E5576_E704,b'\xd8\xa4\x91\xa7\xe7\x04',3,7,-58
15:31:37,FreeWifi_secure,b'h\xa3x\xcc\xcb\x12',5,11,-93
15:31:39,HUAWEI_E5576_E704,b'\xd8\xa4\x91\xa7\xe7\x04',3,7,-53
15:31:41,HUAWEI_E5576_E704,b'\xd8\xa4\x91\xa7\xe7\x04',3,7,-45
15:31:41,Redmi Note 9 Pro,b'6\xa7&\x03\xffB',3,1,-82
15:31:43,iPhone,"b'\x1ecW""\xdc\xed'",3,6,-31
15:31:43,HUAWEI_E5576_E704,b'\xd8\xa4\x91\xa7\xe7\x04',3,7,-45
15:31:43,"K.b,",b'\xfa\x8f\xcaV:\x9f',0,6,-91
15:31:44,iPhone,"b'\x1ecW""\xdc\xed'",3,6,-33
15:31:44,HUAWEI_E5576_E704,b'\xd8\xa4\x91\xa7\xe7\x04',3,7,-44
15:31:46,iPhone,"b'\x1ecW""\xdc\xed'",3,6,-32
15:31:46,HUAWEI_E5576_E704,b'\xd8\xa4\x91\xa7\xe7\x04',3,7,-45
15:31:48,HUAWEI_E5576_E704,b'\xd8\xa4\x91\xa7\xe7\x04',3,7,-59
15:31:50,iPhone,"b'\x1ecW""\xdc\xed'",3,6,-33
15:31:50,HUAWEI_E5576_E704,b'\xd8\xa4\x91\xa7\xe7\x04',3,7,-54
15:31:50,FreeWifi_secure,"b""4'\x92\xca\x06:""",5,6,-93
15:31:52,iPhone,"b'\x1ecW""\xdc\xed'",3,6,-31
15:31:52,HUAWEI_E5576_E704,b'\xd8\xa4\x91\xa7\xe7\x04',3,7,-65
15:31:54,HUAWEI_E5576_E704,b'\xd8\xa4\x91\xa7\xe7\x04',3,7,-54
15:31:56,iPhone,"b'\x1ecW""\xdc\xed'",3,6,-33
15:31:56,HUAWEI_E5576_E704,b'\xd8\xa4\x91\xa7\xe7\x04',3,7,-55
15:31:57,iPhone,"b'\x1ecW""\xdc\xed'",3,6,-34
15:31:57,HUAWEI_E5576_E704,b'\xd8\xa4\x91\xa7\xe7\x04',3,7,-54
15:31:57,freebox_ELP,b'\x14\x0cv\xad\xdf\xb5',4,8,-94
15:31:59,iPhone,"b'\x1ecW""\xdc\xed'",3,6,-33
15:31:59,HUAWEI_E5576_E704,b'\xd8\xa4\x91\xa7\xe7\x04',3,7,-57
15:32:01,iPhone,"b'\x1ecW""\xdc\xed'",3,6,-32
15:32:01,HUAWEI_E5576_E704,b'\xd8\xa4\x91\xa7\xe7\x04',3,7,-56
15:32:03,iPhone,"b'\x1ecW""\xdc\xed'",3,6,-41
15:32:03,HUAWEI_E5576_E704,b'\xd8\xa4\x91\xa7\xe7\x04',3,7,-58
15:32:05,iPhone,"b'\x1ecW""\xdc\xed'",3,6,-41
15:32:05,HUAWEI_E5576_E704,b'\xd8\xa4\x91\xa7\xe7\x04',3,7,-53
15:32:05,SFR-a248,b'Td\xd9U\xa2N',4,1,-92
15:32:07,iPhone,"b'\x1ecW""\xdc\xed'",3,6,-47
15:32:07,HUAWEI_E5576_E704,b'\xd8\xa4\x91\xa7\xe7\x04',3,7,-55
15:32:09,HUAWEI_E5576_E704,b'\xd8\xa4\x91\xa7\xe7\x04',3,7,-53
15:32:11,iPhone,"b'\x1ecW""\xdc\xed'",3,6,-32
15:32:11,HUAWEI_E5576_E704,b'\xd8\xa4\x91\xa7\xe7\x04',3,7,-53
15:32:12,HUAWEI_E5576_E704,b'\xd8\xa4\x91\xa7\xe7\x04',3,7,-50
15:32:14,iPhone,"b'\x1ecW""\xdc\xed'",3,6,-33
15:32:14,HUAWEI_E5576_E704,b'\xd8\xa4\x91\xa7\xe7\x04',3,7,-51
15:32:16,iPhone,"b'\x1ecW""\xdc\xed'",3,6,-44
15:32:16,HUAWEI_E5576_E704,b'\xd8\xa4\x91\xa7\xe7\x04',3,7,-53
15:32:18,iPhone,"b'\x1ecW""\xdc\xed'",3,6,-39
15:32:18,HUAWEI_E5576_E704,b'\xd8\xa4\x91\xa7\xe7\x04',3,7,-57
15:32:20,HUAWEI_E5576_E704,b'\xd8\xa4\x91\xa7\xe7\x04',3,7,-53
15:32:20,PARITEL_WIFI,b'\x00\x90\x8f\xc7\x12\xb5',3,6,-96
15:32:22,iPhone,"b'\x1ecW""\xdc\xed'",3,6,-38
15:32:22,HUAWEI_E5576_E704,b'\xd8\xa4\x91\xa7\xe7\x04',3,7,-55
15:32:24,iPhone,"b'\x1ecW""\xdc\xed'",3,6,-41
15:32:24,HUAWEI_E5576_E704,b'\xd8\xa4\x91\xa7\xe7\x04',3,7,-51
15:32:25,iPhone,"b'\x1ecW""\xdc\xed'",3,6,-41
15:32:25,HUAWEI_E5576_E704,b'\xd8\xa4\x91\xa7\xe7\x04',3,7,-49
15:32:27,iPhone,"b'\x1ecW""\xdc\xed'",3,6,-40
15:32:27,HUAWEI_E5576_E704,b'\xd8\xa4\x91\xa7\xe7\x04',3,7,-47
15:32:29,iPhone,"b'\x1ecW""\xdc\xed'",3,6,-50
15:32:29,HUAWEI_E5576_E704,b'\xd8\xa4\x91\xa7\xe7\x04',3,7,-51
15:32:31,HUAWEI_E5576_E704,b'\xd8\xa4\x91\xa7\xe7\x04',3,7,-46
15:32:33,iPhone,"b'\x1ecW""\xdc\xed'",3,6,-42
15:32:33,HUAWEI_E5576_E704,b'\xd8\xa4\x91\xa7\xe7\x04',3,7,-47
15:32:35,iPhone,"b'\x1ecW""\xdc\xed'",3,6,-38
15:32:35,HUAWEI_E5576_E704,b'\xd8\xa4\x91\xa7\xe7\x04',3,7,-55
15:32:37,iPhone,"b'\x1ecW""\xdc\xed'",3,6,-39
15:32:37,HUAWEI_E5576_E704,b'\xd8\xa4\x91\xa7\xe7\x04',3,7,-43
15:32:38,iPhone,"b'\x1ecW""\xdc\xed'",3,6,-47
15:32:38,HUAWEI_E5576_E704,b'\xd8\xa4\x91\xa7\xe7\x04',3,7,-52
15:32:40,HUAWEI_E5576_E704,b'\xd8\xa4\x91\xa7\xe7\x04',3,7,-55
15:32:42,iPhone,"b'\x1ecW""\xdc\xed'",3,6,-42
15:32:42,HUAWEI_E5576_E704,b'\xd8\xa4\x91\xa7\xe7\x04',3,7,-54
15:32:44,HUAWEI_E5576_E704,b'\xd8\xa4\x91\xa7\xe7\x04',3,7,-50
15:32:46,iPhone,"b'\x1ecW""\xdc\xed'",3,6,-43
15:32:46,HUAWEI_E5576_E704,b'\xd8\xa4\x91\xa7\xe7\x04',3,7,-50
15:32:48,HUAWEI_E5576_E704,b'\xd8\xa4\x91\xa7\xe7\x04',3,7,-48
15:32:50,HUAWEI_E5576_E704,b'\xd8\xa4\x91\xa7\xe7\x04',3,7,-49
15:32:51,iPhone,"b'\x1ecW""\xdc\xed'",3,6,-39
15:32:51,HUAWEI_E5576_E704,b'\xd8\xa4\x91\xa7\xe7\x04',3,7,-49
15:32:53,iPhone,"b'\x1ecW""\xdc\xed'",3,6,-38
15:32:53,HUAWEI_E5576_E704,b'\xd8\xa4\x91\xa7\xe7\x04',3,7,-48
15:32:55,HUAWEI_E5576_E704,b'\xd8\xa4\x91\xa7\xe7\x04',3,7,-47
15:32:57,HUAWEI_E5576_E704,b'\xd8\xa4\x91\xa7\xe7\x04',3,7,-50
15:32:59,HUAWEI_E5576_E704,b'\xd8\xa4\x91\xa7\xe7\x04',3,7,-51
15:33:01,iPhone,"b'\x1ecW""\xdc\xed'",3,6,-41
15:33:01,HUAWEI_E5576_E704,b'\xd8\xa4\x91\xa7\xe7\x04',3,7,-46
15:33:03,HUAWEI_E5576_E704,b'\xd8\xa4\x91\xa7\xe7\x04',3,7,-52
15:33:04,iPhone,"b'\x1ecW""\xdc\xed'",3,6,-39
15:33:04,HUAWEI_E5576_E704,b'\xd8\xa4\x91\xa7\xe7\x04',3,7,-49
15:33:06,iPhone,"b'\x1ecW""\xdc\xed'",3,6,-36
15:33:06,HUAWEI_E5576_E704,b'\xd8\xa4\x91\xa7\xe7\x04',3,7,-59
15:33:08,HUAWEI_E5576_E704,b'\xd8\xa4\x91\xa7\xe7\x04',3,7,-45
15:33:10,iPhone,"b'\x1ecW""\xdc\xed'",3,6,-31
15:33:10,HUAWEI_E5576_E704,b'\xd8\xa4\x91\xa7\xe7\x04',3,7,-53
15:33:12,HUAWEI_E5576_E704,b'\xd8\xa4\x91\xa7\xe7\x04',3,7,-63
15:33:14,HUAWEI_E5576_E704,b'\xd8\xa4\x91\xa7\xe7\x04',3,7,-53
15:33:16,iPhone,"b'\x1ecW""\xdc\xed'",3,6,-38
15:33:16,HUAWEI_E5576_E704,b'\xd8\xa4\x91\xa7\xe7\x04',3,7,-59
15:33:17,iPhone,"b'\x1ecW""\xdc\xed'",3,6,-35
15:33:19,iPhone,"b'\x1ecW""\xdc\xed'",3,6,-33
15:33:19,HUAWEI_E5576_E704,b'\xd8\xa4\x91\xa7\xe7\x04',3,7,-57
15:33:19,FREEBOX_VERONIQUE_8O,b'h\xa3x\xcc\x9dd',4,11,-95
15:33:21,HUAWEI_E5576_E704,b'\xd8\xa4\x91\xa7\xe7\x04',3,7,-48
15:33:23,iPhone,"b'\x1ecW""\xdc\xed'",3,6,-32
15:33:23,HUAWEI_E5576_E704,b'\xd8\xa4\x91\xa7\xe7\x04',3,7,-51
15:33:23,FreeWifi_secure,b'h\xa3x\xcc\x9df',5,11,-96
15:33:25,iPhone,"b'\x1ecW""\xdc\xed'",3,6,-34
15:33:25,HUAWEI_E5576_E704,b'\xd8\xa4\x91\xa7\xe7\x04',3,7,-54
15:33:27,iPhone,"b'\x1ecW""\xdc\xed'",3,6,-34
15:33:27,HUAWEI_E5576_E704,b'\xd8\xa4\x91\xa7\xe7\x04',3,7,-52
15:33:29,iPhone,"b'\x1ecW""\xdc\xed'",3,6,-34
15:33:29,HUAWEI_E5576_E704,b'\xd8\xa4\x91\xa7\xe7\x04',3,7,-52
15:33:30,iPhone,"b'\x1ecW""\xdc\xed'",3,6,-29
15:33:30,HUAWEI_E5576_E704,b'\xd8\xa4\x91\xa7\xe7\x04',3,7,-56
15:33:32,iPhone,"b'\x1ecW""\xdc\xed'",3,6,-32
15:33:32,HUAWEI_E5576_E704,b'\xd8\xa4\x91\xa7\xe7\x04',3,7,-57
15:33:34,HUAWEI_E5576_E704,b'\xd8\xa4\x91\xa7\xe7\x04',3,7,-57
15:33:34,Wifi_JOUFFROY_FORMATION,b't\x83\xc2:Ja',3,11,-81
15:33:36,iPhone,"b'\x1ecW""\xdc\xed'",3,6,-39
15:33:36,HUAWEI_E5576_E704,b'\xd8\xa4\x91\xa7\xe7\x04',3,7,-51
15:33:38,HUAWEI_E5576_E704,b'\xd8\xa4\x91\xa7\xe7\x04',3,7,-49
15:33:40,HUAWEI_E5576_E704,b'\xd8\xa4\x91\xa7\xe7\x04',3,7,-52
15:33:42,iPhone,"b'\x1ecW""\xdc\xed'",3,6,-30
15:33:42,HUAWEI_E5576_E704,b'\xd8\xa4\x91\xa7\xe7\x04',3,7,-48
15:33:43,iPhone,"b'\x1ecW""\xdc\xed'",3,6,-31
15:33:43,HUAWEI_E5576_E704,b'\xd8\xa4\x91\xa7\xe7\x04',3,7,-45
15:33:45,HUAWEI_E5576_E704,b'\xd8\xa4\x91\xa7\xe7\x04',3,7,-47
15:33:47,HUAWEI_E5576_E704,b'\xd8\xa4\x91\xa7\xe7\x04',3,7,-49
15:33:49,iPhone,"b'\x1ecW""\xdc\xed'",3,6,-31
15:33:49,HUAWEI_E5576_E704,b'\xd8\xa4\x91\xa7\xe7\x04',3,7,-44
15:33:51,iPhone,"b'\x1ecW""\xdc\xed'",3,6,-32
15:33:51,HUAWEI_E5576_E704,b'\xd8\xa4\x91\xa7\xe7\x04',3,7,-45
15:33:51,FreeWifi_secure,b'h\xa3x\xcf\xdfR',5,6,-93
15:33:53,iPhone,"b'\x1ecW""\xdc\xed'",3,6,-33
15:33:53,HUAWEI_E5576_E704,b'\xd8\xa4\x91\xa7\xe7\x04',3,7,-44
15:33:55,iPhone,"b'\x1ecW""\xdc\xed'",3,6,-33
15:33:55,HUAWEI_E5576_E704,b'\xd8\xa4\x91\xa7\xe7\x04',3,7,-48
15:33:56,iPhone,"b'\x1ecW""\xdc\xed'",3,6,-33
15:33:56,HUAWEI_E5576_E704,b'\xd8\xa4\x91\xa7\xe7\x04',3,7,-44
15:33:58,iPhone,"b'\x1ecW""\xdc\xed'",3,6,-34
15:33:58,HUAWEI_E5576_E704,b'\xd8\xa4\x91\xa7\xe7\x04',3,7,-44
15:33:58,FreeWifi_secure,b'\x00$\xd4\x95\x84\x95',5,11,-96
15:34:00,HUAWEI_E5576_E704,b'\xd8\xa4\x91\xa7\xe7\x04',3,7,-45
15:34:00,wifi-2E7504,b'\x00\x1f\x01.u\x04',0,1,-77
15:34:00,FreeWifi_secure,b'\xe4\x9e\x12\x0cv\xcb',5,7,-92
15:34:00,FreeWifi_secure,b'p\xfc\x8f\xe5\x14\x1a',5,11,-92
15:34:02,iPhone,"b'\x1ecW""\xdc\xed'",3,6,-36
15:34:02,HUAWEI_E5576_E704,b'\xd8\xa4\x91\xa7\xe7\x04',3,7,-45
15:34:02,Freebox,b'\xe4\x9e\x12\x0cv\xc9',3,7,-82
15:34:02,wifi-2E7504,b'\x00\x1f\x01.u\x04',0,1,-88
15:34:02,FreeWifi_secure,b'\x00$\xd4\x95\x84\x95',5,11,-92
15:34:04,iPhone,"b'\x1ecW""\xdc\xed'",3,6,-32
15:34:04,HUAWEI_E5576_E704,b'\xd8\xa4\x91\xa7\xe7\x04',3,7,-47
15:34:06,iPhone,"b'\x1ecW""\xdc\xed'",3,6,-41
15:34:06,HUAWEI_E5576_E704,b'\xd8\xa4\x91\xa7\xe7\x04',3,7,-41
15:34:06,Freebox,b'\xe4\x9e\x12\x0cv\xc9',3,7,-73
15:34:06,wifi-2E7504,b'\x00\x1f\x01.u\x04',0,1,-88
15:34:06,Freebox-ABAF80,b'p\xfc\x8f\xe5\x14\x18',3,11,-95
15:34:08,iPhone,"b'\x1ecW""\xdc\xed'",3,6,-38
15:34:08,HUAWEI_E5576_E704,b'\xd8\xa4\x91\xa7\xe7\x04',3,7,-44
15:34:08,FreeWifi_secure,b'\xe4\x9e\x12\x0cv\xcb',5,7,-70
15:34:10,iPhone,"b'\x1ecW""\xdc\xed'",3,6,-41
15:34:10,HUAWEI_E5576_E704,b'\xd8\xa4\x91\xa7\xe7\x04',3,7,-47
15:34:12,HUAWEI_E5576_E704,b'\xd8\xa4\x91\xa7\xe7\x04',3,7,-46
15:34:12,Freebox-5F1F95,b'\xdc\x00\xb0r{\xe2',3,6,-86
15:34:12,DELTACALOR-c940b4,b'\xa4\xe5|\xc9@\xb5',3,1,-92
15:34:12,Freebox,b'\xe4\x9e\x12\x0cv\xc9',3,7,-92
15:34:14,HUAWEI_E5576_E704,b'\xd8\xa4\x91\xa7\xe7\x04',3,7,-45
15:34:14,Livebox-7030,b'\x08\x87\xc6\xd0p0',3,1,-84
15:34:14,Livebox-6A40,b'$\x7f \x17j@',3,1,-92
15:34:15,iPhone,"b'\x1ecW""\xdc\xed'",3,6,-44
15:34:15,HUAWEI_E5576_E704,b'\xd8\xa4\x91\xa7\xe7\x04',3,7,-47
15:34:17,HUAWEI_E5576_E704,b'\xd8\xa4\x91\xa7\xe7\x04',3,7,-42
15:34:17,SFR WiFi Mobile,b'r]Q\xf5$\xe5',5,6,-84
15:34:17,SFR_24E0,b'\xe4]Q\xf5$\xe6',4,6,-84
15:34:17,SFR WiFi FON,b'r]Q\xf5$\xe7',0,6,-85
15:34:19,HUAWEI_E5576_E704,b'\xd8\xa4\x91\xa7\xe7\x04',3,7,-45
15:34:19,SFR WiFi Mobile,b'r]Q\xf5$\xe5',5,6,-84
15:34:19,SFR_24E0,b'\xe4]Q\xf5$\xe6',4,6,-84
15:34:19,SFR WiFi FON,b'r]Q\xf5$\xe7',0,6,-85
15:34:21,iPhone,"b'\x1ecW""\xdc\xed'",3,6,-42
15:34:21,HUAWEI_E5576_E704,b'\xd8\xa4\x91\xa7\xe7\x04',3,7,-45
15:34:21,SFR WiFi Mobile,b'r]Q\xf5$\xe5',5,6,-86
15:34:21,SFR_24E0,b'\xe4]Q\xf5$\xe6',4,6,-86
15:34:21,SFR WiFi FON,b'r]Q\xf5$\xe7',0,6,-86
15:34:23,HUAWEI_E5576_E704,b'\xd8\xa4\x91\xa7\xe7\x04',3,7,-44
15:34:23,FreeWifi_secure,b'\xf4\xca\xe5\xe2ov',5,1,-93
15:34:25,iPhone,"b'\x1ecW""\xdc\xed'",3,6,-47
15:34:25,HUAWEI_E5576_E704,b'\xd8\xa4\x91\xa7\xe7\x04',3,7,-47
15:34:25,freebox_deleporte,b'h\xa3x\x81X\x0b',4,11,-82
15:34:27,HUAWEI_E5576_E704,b'\xd8\xa4\x91\xa7\xe7\x04',3,7,-47
15:34:27,Salon.b,b'\xfa\x8f\xca\x95A\xf1',0,6,-84
15:34:29,iPhone,"b'\x1ecW""\xdc\xed'",3,6,-35
15:34:29,HUAWEI_E5576_E704,b'\xd8\xa4\x91\xa7\xe7\x04',3,7,-43
15:34:29,Salon.b,b'\xfa\x8f\xca\x95A\xf1',0,6,-71
15:34:29,SFR WiFi Mobile,b'j-\x1bf\x90E',5,1,-85
15:34:29,SFR WiFi FON,b'j-\x1bf\x90G',0,1,-86
15:34:29,SFR_9040,b'\xcc-\x1bf\x90F',4,1,-87
15:34:29,Livebox-9CDA,b'h\x15\x907\x9c\xda',4,6,-87
15:34:31,Salon.b,b'\xfa\x8f\xca\x95A\xf1',0,6,-78
15:34:31,SFR WiFi Mobile,b'j-\x1bf\x90E',5,1,-82
15:34:31,SFR_9040,b'\xcc-\x1bf\x90F',4,1,-83
15:34:31,SFR WiFi FON,b'j-\x1bf\x90G',0,1,-83
15:34:31,SFR-c7f0,b'\xa0\x1b}\xf2\xc7\xf6',4,6,-83
15:34:31,Big Blue Box,b'\xcc\xf4\x11&\xb6W',3,11,-83
15:34:31,SFR-33b0,b'H\x83\xc7\xa53\xb6',4,2,-92
15:34:31,Big Blue Box,b'\xf0r\xea%Pb',3,6,-95
15:34:33,HUAWEI_E5576_E704,b'\xd8\xa4\x91\xa7\xe7\x04',3,7,-49
15:34:34,HUAWEI_E5576_E704,b'\xd8\xa4\x91\xa7\xe7\x04',3,7,-50
15:34:34,SFR WiFi Mobile,b'ra\xf4\x00\xde\xe5',5,1,-78
15:34:34,SFR_DEE0,b'la\xf4\x00\xde\xe6',4,1,-78
15:34:34,SFR WiFi FON,b'ra\xf4\x00\xde\xe7',0,1,-78
15:34:34,SFR_0958,b'la\xf4\n\t^',4,6,-94
15:34:34,SFR WiFi FON,b'ja\xf4\n\t_',0,6,-95
15:34:34,SFR WiFi Mobile,b'ja\xf4\n\t]',5,6,-96
15:34:36,iPhone,"b'\x1ecW""\xdc\xed'",3,6,-44
15:34:36,HUAWEI_E5576_E704,b'\xd8\xa4\x91\xa7\xe7\x04',3,7,-48
15:34:36,sfr_maison,b'$\x7f \x8eun',4,7,-83
15:34:36,SFR WiFi Mobile,b'ra\xf4\x00\xde\xe5',5,1,-84
15:34:38,iPhone,"b'\x1ecW""\xdc\xed'",3,6,-38
15:34:38,HUAWEI_E5576_E704,b'\xd8\xa4\x91\xa7\xe7\x04',3,7,-45
15:34:38,Freebox-BK,b'h\xa3x\x8b^\xc8',3,1,-90
15:34:40,iPhone,"b'\x1ecW""\xdc\xed'",3,6,-42
15:34:40,HUAWEI_E5576_E704,b'\xd8\xa4\x91\xa7\xe7\x04',3,7,-47
15:34:42,iPhone,"b'\x1ecW""\xdc\xed'",3,6,-44
15:34:42,HUAWEI_E5576_E704,b'\xd8\xa4\x91\xa7\xe7\x04',3,7,-46
15:34:42,FreeWifi_secure,b'\xf4\xca\xe5\xf6\xe3z',5,7,-91
15:34:42,Abri de jardin.k,b'\xfa\x8f\xcam+H',0,6,-95
15:34:44,iPhone,"b'\x1ecW""\xdc\xed'",3,6,-44
15:34:44,HUAWEI_E5576_E704,b'\xd8\xa4\x91\xa7\xe7\x04',3,7,-49
15:34:44,Livebox-MAISON,b'<\x98r\xe3\xfa\x1c',3,1,-89
15:34:44,Freebox-427B02,b'\xf4\xca\xe5\xf6\xe3x',4,7,-90
15:34:46,iPhone,"b'\x1ecW""\xdc\xed'",3,6,-43
15:34:46,HUAWEI_E5576_E704,b'\xd8\xa4\x91\xa7\xe7\x04',3,7,-46
15:34:48,iPhone,"b'\x1ecW""\xdc\xed'",3,6,-40
15:34:48,HUAWEI_E5576_E704,b'\xd8\xa4\x91\xa7\xe7\x04',3,7,-44
15:34:48,SFR_2B0F,b'X\xfc P+\x10',4,6,-91
15:34:48,Livebox-MAISON,b'<\x98r\xe3\xfa\x1c',3,1,-92
15:34:50,iPhone,"b'\x1ecW""\xdc\xed'",3,6,-38
15:34:50,HUAWEI_E5576_E704,b'\xd8\xa4\x91\xa7\xe7\x04',3,7,-51
15:34:50,philippe,"b""4'\x92\xec\xcb\xc0""",1,1,-81
15:34:50,Freebox-5BEB6B,b' f\xcf\xed\xdb\x02',3,11,-93
15:34:52,HUAWEI_E5576_E704,b'\xd8\xa4\x91\xa7\xe7\x04',3,7,-47
15:34:52,FreeWifi_secure,"b""4'\x92\xec\xcb\xc2""",5,1,-88
15:34:53,iPhone,"b'\x1ecW""\xdc\xed'",3,6,-41
15:34:53,HUAWEI_E5576_E704,b'\xd8\xa4\x91\xa7\xe7\x04',3,7,-46
15:34:55,iPhone,"b'\x1ecW""\xdc\xed'",3,6,-44
15:34:55,HUAWEI_E5576_E704,b'\xd8\xa4\x91\xa7\xe7\x04',3,7,-47
15:34:55,Livebox-MAISON,b'<\x98r\xe3\xfa\x1c',3,1,-88
15:34:55,Freebox-427B02,b'\xf4\xca\xe5\xf6\xe3x',4,7,-90
15:34:57,iPhone,"b'\x1ecW""\xdc\xed'",3,6,-40
15:34:57,HUAWEI_E5576_E704,b'\xd8\xa4\x91\xa7\xe7\x04',3,7,-46
15:34:57,Livebox-MAISON,b'<\x98r\xe3\xfa\x1c',3,1,-92
15:34:59,iPhone,"b'\x1ecW""\xdc\xed'",3,6,-43
15:34:59,HUAWEI_E5576_E704,b'\xd8\xa4\x91\xa7\xe7\x04',3,7,-44
15:34:59,Freebox-427B02,b'\xf4\xca\xe5\xf6\xe3x',4,7,-86
15:35:01,HUAWEI_E5576_E704,b'\xd8\xa4\x91\xa7\xe7\x04',3,7,-47
15:35:01,Livebox-MAISON,b'<\x98r\xe3\xfa\x1c',3,1,-90
15:35:03,iPhone,"b'\x1ecW""\xdc\xed'",3,6,-38
15:35:03,HUAWEI_E5576_E704,b'\xd8\xa4\x91\xa7\xe7\x04',3,7,-43
15:35:03,Livebox-MAISON,b'<\x98r\xe3\xfa\x1c',3,1,-74
15:35:03,FreeWifi_secure,b'\xf4\xca\xe5\xf6\xe3z',5,7,-83
15:35:03,Livebox-3F06,b'x\x81\x022?\x06',3,11,-91
15:35:05,HUAWEI_E5576_E704,b'\xd8\xa4\x91\xa7\xe7\x04',3,7,-46
15:35:05,Livebox-MAISON,b'<\x98r\xe3\xfa\x1c',3,1,-85
15:35:07,iPhone,"b'\x1ecW""\xdc\xed'",3,6,-42
15:35:07,HUAWEI_E5576_E704,b'\xd8\xa4\x91\xa7\xe7\x04',3,7,-44
15:35:07,CPL_WIFI_550_2.4GHz,b'\x8cmP\xa9\x99\xc4',4,1,-82
15:35:09,HUAWEI_E5576_E704,b'\xd8\xa4\x91\xa7\xe7\x04',3,7,-43
15:35:09,SFR_2B0F,b'X\xfc P+\x10',4,6,-77
15:35:10,HUAWEI_E5576_E704,b'\xd8\xa4\x91\xa7\xe7\x04',3,7,-47
15:35:12,iPhone,"b'\x1ecW""\xdc\xed'",3,6,-44
15:35:14,HUAWEI_E5576_E704,b'\xd8\xa4\x91\xa7\xe7\x04',3,7,-46
15:35:14,Livebox-AFC5,b'\xa4>QO\xaf\xc5',4,6,-89
15:35:16,iPhone,"b'\x1ecW""\xdc\xed'",3,6,-39
15:35:16,HUAWEI_E5576_E704,b'\xd8\xa4\x91\xa7\xe7\x04',3,7,-41
15:35:18,iPhone,"b'\x1ecW""\xdc\xed'",3,6,-31
15:35:18,CPL_WIFI_550_2.4GHz,b'\x8cmP\xa9\x99\xc4',4,1,-93
15:35:20,iPhone,"b'\x1ecW""\xdc\xed'",3,6,-38
15:35:20,HUAWEI_E5576_E704,b'\xd8\xa4\x91\xa7\xe7\x04',3,7,-44
15:35:22,iPhone,"b'\x1ecW""\xdc\xed'",3,6,-35
15:35:22,HUAWEI_E5576_E704,b'\xd8\xa4\x91\xa7\xe7\x04',3,7,-41
15:35:22,Livebox-3DD6,b'\xa4>Q\x8b:\xd6',3,11,-94
15:35:23,iPhone,"b'\x1ecW""\xdc\xed'",3,6,-33
15:35:23,HUAWEI_E5576_E704,b'\xd8\xa4\x91\xa7\xe7\x04',3,7,-43
15:35:25,HUAWEI_E5576_E704,b'\xd8\xa4\x91\xa7\xe7\x04',3,7,-36
15:35:27,iPhone,"b'\x1ecW""\xdc\xed'",3,6,-35
15:35:27,HUAWEI_E5576_E704,b'\xd8\xa4\x91\xa7\xe7\x04',3,7,-45
15:35:29,iPhone,"b'\x1ecW""\xdc\xed'",3,6,-42
15:35:29,HUAWEI_E5576_E704,b'\xd8\xa4\x91\xa7\xe7\x04',3,7,-43
15:35:29,SFR WiFi Mobile,b'ra\xf4\r\xcf\x9d',5,1,-87
15:35:29,SFR_CF98,b'la\xf4\r\xcf\x9e',4,1,-87
15:35:29,SFR WiFi FON,b'ra\xf4\r\xcf\x9f',0,1,-87
15:35:31,iPhone,"b'\x1ecW""\xdc\xed'",3,6,-42
15:35:31,HUAWEI_E5576_E704,b'\xd8\xa4\x91\xa7\xe7\x04',3,7,-45
15:35:31,SFR WiFi Mobile,b'ra\xf4\r\xcf\x9d',5,1,-84
15:35:31,SFR_CF98,b'la\xf4\r\xcf\x9e',4,1,-85
15:35:31,SFR WiFi FON,b'ra\xf4\r\xcf\x9f',0,1,-86
15:35:33,HUAWEI_E5576_E704,b'\xd8\xa4\x91\xa7\xe7\x04',3,7,-44
15:35:33,SFR WiFi Mobile,b'ra\xf4\r\xcf\x9d',5,1,-85
15:35:33,SFR_CF98,b'la\xf4\r\xcf\x9e',4,1,-85
15:35:33,SFR WiFi FON,b'ra\xf4\r\xcf\x9f',0,1,-86
15:35:33,API_HR_24,b'\xf0c\xf9b\x94\\',3,11,-95
15:35:35,iPhone,"b'\x1ecW""\xdc\xed'",3,6,-40
15:35:35,HUAWEI_E5576_E704,b'\xd8\xa4\x91\xa7\xe7\x04',3,7,-45
15:35:35,SFR WiFi Mobile,b'ra\xf4\r\xcf\x9d',5,1,-85
15:35:35,SFR WiFi FON,b'ra\xf4\r\xcf\x9f',0,1,-86
15:35:35,SFR_CF98,b'la\xf4\r\xcf\x9e',4,1,-87
15:35:35,Jahanetwork,b'p\xfc\x8f]\xb9\xa6',3,11,-88
15:35:37,iPhone,"b'\x1ecW""\xdc\xed'",3,6,-32
15:35:37,HUAWEI_E5576_E704,b'\xd8\xa4\x91\xa7\xe7\x04',3,7,-44
15:35:37,FreeWifi_secure,b'p\xfc\x8f\xb9$J',5,11,-92
15:35:39,iPhone,"b'\x1ecW""\xdc\xed'",3,6,-30
15:35:39,HUAWEI_E5576_E704,b'\xd8\xa4\x91\xa7\xe7\x04',3,7,-46
15:35:39,FreeWifi_secure,"b""4'\x923\xd8\xed""",5,11,-94
15:35:40,HUAWEI_E5576_E704,b'\xd8\xa4\x91\xa7\xe7\x04',3,7,-44
15:35:40,freebox,b'h\xa3x_J0',4,7,-67
15:35:40,SFR WiFi FON,b'j]Qs\x1e\xd7',0,6,-92
15:35:40,SFR_1ED0,b'\xe4]Qs\x1e\xd6',4,6,-93
15:35:40,SFR WiFi Mobile,b'j]Qs\x1e\xd5',5,6,-94
15:35:42,HUAWEI_E5576_E704,b'\xd8\xa4\x91\xa7\xe7\x04',3,7,-44
15:35:42,Livebox-A790,"b',\x08#:\xee\xc2'",3,1,-89
15:35:42,FreeWifi_secure,b'h\xa3x\x1b[\xd2',5,11,-94
15:35:44,iPhone,"b'\x1ecW""\xdc\xed'",3,6,-31
15:35:44,HUAWEI_E5576_E704,b'\xd8\xa4\x91\xa7\xe7\x04',3,7,-44
15:35:44,FreeWifi_secure,b'\xe4\x9e\x12\xceLV',5,5,-78
15:35:44,freeboxdemeyer,b'r\xfb\x02JwL',2,1,-79
15:35:46,HUAWEI_E5576_E704,b'\xd8\xa4\x91\xa7\xe7\x04',3,7,-46
15:35:48,iPhone,"b'\x1ecW""\xdc\xed'",3,6,-30
15:35:48,HUAWEI_E5576_E704,b'\xd8\xa4\x91\xa7\xe7\x04',3,7,-42
15:35:48,FREEBOX_AZZOUZ_FX,b'\xe4\x9e\x12\xceLT',4,5,-84
15:35:48,SFR_F6EF,b'\xcc\x19\xa8D\xf6\xf0',4,6,-84
15:35:50,iPhone,"b'\x1ecW""\xdc\xed'",3,6,-32
15:35:50,HUAWEI_E5576_E704,b'\xd8\xa4\x91\xa7\xe7\x04',3,7,-43
15:35:50,Livebox-2CF0,"b'<\x98r\x8d,\xf0'",3,1,-91
15:35:50,SFR_F6EF,b'\xcc\x19\xa8D\xf6\xf0',4,6,-91
15:35:52,iPhone,"b'\x1ecW""\xdc\xed'",3,6,-33
15:35:52,HUAWEI_E5576_E704,b'\xd8\xa4\x91\xa7\xe7\x04',3,7,-45
15:35:52,FREEBOX_AZZOUZ_FX,b'\xe4\x9e\x12\xceLT',4,5,-88
15:35:52,Livebox-2CF0,"b'<\x98r\x8d,\xf0'",3,1,-92
15:35:54,HUAWEI_E5576_E704,b'\xd8\xa4\x91\xa7\xe7\x04',3,7,-42
15:35:54,Livebox-2CF0,"b'<\x98r\x8d,\xf0'",3,1,-85
15:35:54,SFR_F6EF,b'\xcc\x19\xa8D\xf6\xf0',4,6,-92
15:35:54,Livebox-F6BE,b'x\x81\x02Y\xf6\xbe',3,11,-95
15:35:56,HUAWEI_E5576_E704,b'\xd8\xa4\x91\xa7\xe7\x04',3,7,-43
15:35:58,iPhone,"b'\x1ecW""\xdc\xed'",3,6,-32
15:35:58,HUAWEI_E5576_E704,b'\xd8\xa4\x91\xa7\xe7\x04',3,7,-44
15:35:59,iPhone,"b'\x1ecW""\xdc\xed'",3,6,-31
15:35:59,HUAWEI_E5576_E704,b'\xd8\xa4\x91\xa7\xe7\x04',3,7,-42
15:36:01,iPhone,"b'\x1ecW""\xdc\xed'",3,6,-33
15:36:01,HUAWEI_E5576_E704,b'\xd8\xa4\x91\xa7\xe7\x04',3,7,-46
15:36:01,SFR_F6EF,b'\xcc\x19\xa8D\xf6\xf0',4,6,-93
15:36:01,FreeWifi_secure,b'\xe4\x9e\x12\xceLV',5,5,-94
15:36:03,iPhone,"b'\x1ecW""\xdc\xed'",3,6,-31
15:36:03,HUAWEI_E5576_E704,b'\xd8\xa4\x91\xa7\xe7\x04',3,7,-43
15:36:05,HUAWEI_E5576_E704,b'\xd8\xa4\x91\xa7\xe7\x04',3,7,-43
15:36:05,SFR_F6EF,b'\xcc\x19\xa8D\xf6\xf0',4,6,-91
15:36:07,iPhone,"b'\x1ecW""\xdc\xed'",3,6,-33
15:36:07,HUAWEI_E5576_E704,b'\xd8\xa4\x91\xa7\xe7\x04',3,7,-47
15:36:09,iPhone,"b'\x1ecW""\xdc\xed'",3,6,-32
15:36:09,HUAWEI_E5576_E704,b'\xd8\xa4\x91\xa7\xe7\x04',3,7,-43
15:36:09,Livebox-1538,b'`\x8d&\x04\x158',3,1,-90
15:36:11,HUAWEI_E5576_E704,b'\xd8\xa4\x91\xa7\xe7\x04',3,7,-45
15:36:13,iPhone,"b'\x1ecW""\xdc\xed'",3,6,-33
15:36:13,HUAWEI_E5576_E704,b'\xd8\xa4\x91\xa7\xe7\x04',3,7,-44
15:36:13,SFR_ABC8,b'\xcc-\x1b\xbb\xab\xce',4,1,-84
15:36:13,HP-Print-B7-Officejet Pro 6230,b'\xb0\\\xda\xde\xd2\xb8',3,6,-88
15:36:14,iPhone,"b'\x1ecW""\xdc\xed'",3,6,-31
15:36:14,HUAWEI_E5576_E704,b'\xd8\xa4\x91\xa7\xe7\x04',3,7,-44
15:36:14,Livebox-4BC0,b'\x98Be#K\xc0',3,6,-79
15:36:14,SFR_ABC8,b'\xcc-\x1b\xbb\xab\xce',4,1,-80
15:36:14,HP-Print-B7-Officejet Pro 6230,b'\xb0\\\xda\xde\xd2\xb8',3,6,-88
15:36:14,TP-Link_1A6A,b'h\xff{\x0c\x1aj',4,1,-89
15:36:16,iPhone,"b'\x1ecW""\xdc\xed'",3,6,-33
15:36:16,Livebox-4BC0,b'\x98Be#K\xc0',3,6,-84
15:36:18,iPhone,"b'\x1ecW""\xdc\xed'",3,6,-31
15:36:18,HUAWEI_E5576_E704,b'\xd8\xa4\x91\xa7\xe7\x04',3,7,-46
15:36:18,Livebox-4BC0,b'\x98Be#K\xc0',3,6,-75
15:36:20,iPhone,"b'\x1ecW""\xdc\xed'",3,6,-31
15:36:20,HUAWEI_E5576_E704,b'\xd8\xa4\x91\xa7\xe7\x04',3,7,-47
15:36:22,iPhone,"b'\x1ecW""\xdc\xed'",3,6,-33
15:36:22,HUAWEI_E5576_E704,b'\xd8\xa4\x91\xa7\xe7\x04',3,7,-48
15:36:24,HUAWEI_E5576_E704,b'\xd8\xa4\x91\xa7\xe7\x04',3,7,-45
15:36:26,FreeWifi_secure,b'\xe4\x9e\x12v\x86\xa3',5,6,-74
15:36:28,iPhone,"b'\x1ecW""\xdc\xed'",3,6,-31
15:36:28,HUAWEI_E5576_E704,b'\xd8\xa4\x91\xa7\xe7\x04',3,7,-44
15:36:29,iPhone,"b'\x1ecW""\xdc\xed'",3,6,-32
15:36:29,HUAWEI_E5576_E704,b'\xd8\xa4\x91\xa7\xe7\x04',3,7,-45
15:36:31,iPhone,"b'\x1ecW""\xdc\xed'",3,6,-33
15:36:31,HUAWEI_E5576_E704,b'\xd8\xa4\x91\xa7\xe7\x04',3,7,-47
15:36:31,Freebox-7686A0,b'\xe4\x9e\x12v\x86\xa1',3,6,-87
15:36:31,FreeWifi_secure,b'\xe4\x9e\x12v\x86\xa3',5,6,-88
15:36:33,iPhone,"b'\x1ecW""\xdc\xed'",3,6,-32
15:36:33,HUAWEI_E5576_E704,b'\xd8\xa4\x91\xa7\xe7\x04',3,7,-43
15:36:33,FreeWifi_secure,b'\xe4\x9e\x12v\x86\xa3',5,6,-83
15:36:35,HUAWEI_E5576_E704,b'\xd8\xa4\x91\xa7\xe7\x04',3,7,-42
15:36:35,freebox_YANNMOAL,b'\xe4\x9e\x12\xd7\x07P',4,7,-85
15:36:37,iPhone,"b'\x1ecW""\xdc\xed'",3,6,-36
15:36:37,HUAWEI_E5576_E704,b'\xd8\xa4\x91\xa7\xe7\x04',3,7,-51
15:36:39,iPhone,"b'\x1ecW""\xdc\xed'",3,6,-33
15:36:39,HUAWEI_E5576_E704,b'\xd8\xa4\x91\xa7\xe7\x04',3,7,-48
15:36:41,iPhone,"b'\x1ecW""\xdc\xed'",3,6,-31
15:36:41,HUAWEI_E5576_E704,b'\xd8\xa4\x91\xa7\xe7\x04',3,7,-47
15:36:43,iPhone,"b'\x1ecW""\xdc\xed'",3,6,-33
15:36:43,HUAWEI_E5576_E704,b'\xd8\xa4\x91\xa7\xe7\x04',3,7,-50
15:36:43,SFR WiFi FON,b'j\xce}\xf1\xcc\x8f',0,6,-92
15:36:43,SFR WiFi Mobile,b'j\xce}\xf1\xcc\x8d',5,6,-95
15:36:43,Bbox-B231A28B_RPT,b'<|?\xc8!\xf8',3,7,-95
15:36:44,iPhone,"b'\x1ecW""\xdc\xed'",3,6,-33
15:36:44,HUAWEI_E5576_E704,b'\xd8\xa4\x91\xa7\xe7\x04',3,7,-45
15:36:44,freebox_YANNMOAL,b'\xe4\x9e\x12\xd7\x07P',4,7,-76
15:36:44,FreeWifi_secure,b'\xe4\x9e\x12\xd7\x07R',5,7,-77
15:36:44,Livebox-EAD0,b'|\xc1w\x07\xea\xd0',3,11,-87
15:36:46,iPhone,"b'\x1ecW""\xdc\xed'",3,6,-34
15:36:46,HUAWEI_E5576_E704,b'\xd8\xa4\x91\xa7\xe7\x04',3,7,-48
15:36:46,Bbox-88E0B059,b'l\x99a\xbf\xdb0',4,11,-88
15:36:48,iPhone,"b'\x1ecW""\xdc\xed'",3,6,-35
15:36:48,HUAWEI_E5576_E704,b'\xd8\xa4\x91\xa7\xe7\x04',3,7,-46
15:36:48,Freebox-1B5DF8,b' f\xcf\xcb\x7f2',3,1,-65
15:36:48,Bbox-88E0B059,b'l\x99a\xbf\xdb0',4,11,-82
15:36:48,FreeWifi_secure,b'\xe4\x9e\x12\xd7\x07R',5,7,-88
15:36:50,iPhone,"b'\x1ecW""\xdc\xed'",3,6,-32
15:36:50,HUAWEI_E5576_E704,b'\xd8\xa4\x91\xa7\xe7\x04',3,7,-45
15:36:50,Freebox-1B5DF8,b' f\xcf\xcb\x7f2',3,1,-68
15:36:50,CREDITMUTUEL,b'd\xf6\x9dJX2',0,6,-86
15:36:52,HUAWEI_E5576_E704,b'\xd8\xa4\x91\xa7\xe7\x04',3,7,-45
15:36:52,Livebox-7FD0,b'\x08\x87\xc62\x7f\xd0',3,1,-74
15:36:52,SFR WiFi Mobile,b'r]Q8PU',5,11,-84
15:36:52,Livebox-DDF0,b'\xd4\xf8}V\xdd\xf0',3,6,-85
15:36:54,iPhone,"b'\x1ecW""\xdc\xed'",3,6,-33
15:36:54,HUAWEI_E5576_E704,b'\xd8\xa4\x91\xa7\xe7\x04',3,7,-48
15:36:54,Livebox-CDC6,b'D\xa6\x1e\xa2\xcd\xc6',3,1,-91
15:36:56,iPhone,"b'\x1ecW""\xdc\xed'",3,6,-31
15:36:56,Livebox-2C50,"b'4I[1,P'",3,6,-63
15:36:56,Freebox-68AFDC,b'\xdc\x00\xb0\xc2+\xbc',3,11,-73
15:36:56,NOVA_7760,b'\x04\x95\xe6\x90wi',3,6,-78
15:36:56,SFR_09A0,b'la\xf4\x04\t\xa6',4,1,-91
15:36:56,Livebox-CDC6,b'D\xa6\x1e\xa2\xcd\xc6',3,1,-95
15:36:58,iPhone,"b'\x1ecW""\xdc\xed'",3,6,-33
15:36:58,HUAWEI_E5576_E704,b'\xd8\xa4\x91\xa7\xe7\x04',3,7,-48
15:36:58,NOVA_7760,b'\x04\x95\xe6\x90wi',3,6,-63
15:36:58,SFR_09A0,b'la\xf4\x04\t\xa6',4,1,-81
15:36:58,Bbox-MAISON,b'4I[\xeb]0',4,11,-81
15:36:58,SFR WiFi Mobile,b'ja\xf4\x04\t\xa5',5,1,-83
15:36:58,SFR_02F0,b'la\xf4\t\x02\xf6',4,11,-85
15:36:58,Airbox_D3B3,b'\x947\xf7\xcc\xd3\xb3',3,1,-90
15:37:00,iPhone,"b'\x1ecW""\xdc\xed'",3,6,-34
15:37:00,HUAWEI_E5576_E704,b'\xd8\xa4\x91\xa7\xe7\x04',3,7,-48
15:37:00,Airbox_D3B3,b'\x947\xf7\xcc\xd3\xb3',3,1,-87
15:37:00,SFR_02F0,b'la\xf4\t\x02\xf6',4,11,-88
15:37:00,SFR_8BC8,b'\xcc-\x1b\xf5\x8b\xce',4,6,-91
15:37:00,SFR WiFi Mobile,b'r-\x1b\xf5\x8b\xcd',5,6,-92
15:37:00,SFR WiFi FON,b'r-\x1b\xf5\x8b\xcf',0,6,-94
15:37:02,iPhone,"b'\x1ecW""\xdc\xed'",3,6,-34
15:37:02,HUAWEI_E5576_E704,b'\xd8\xa4\x91\xa7\xe7\x04',3,7,-48
15:37:02,SFR WiFi FON,b'b5\xc0^:7',0,1,-87
15:37:02,SFR WiFi Mobile,b'b5\xc0^:5',5,1,-88
15:37:02,SFR_3D30,b'`5\xc0^:6',4,1,-88
15:37:04,iPhone,"b'\x1ecW""\xdc\xed'",3,6,-34
15:37:04,HUAWEI_E5576_E704,b'\xd8\xa4\x91\xa7\xe7\x04',3,7,-49
15:37:04,SFR WiFi Mobile,b'b5\xc0^:5',5,1,-85
15:37:04,SFR_3D30,b'`5\xc0^:6',4,1,-85
15:37:04,SFR WiFi FON,b'b5\xc0^:7',0,1,-86
15:37:06,iPhone,"b'\x1ecW""\xdc\xed'",3,6,-31
15:37:06,HUAWEI_E5576_E704,b'\xd8\xa4\x91\xa7\xe7\x04',3,7,-47
15:37:08,iPhone,"b'\x1ecW""\xdc\xed'",3,6,-33
15:37:08,HUAWEI_E5576_E704,b'\xd8\xa4\x91\xa7\xe7\x04',3,7,-49
15:37:08,Capitole,"b'\xec\xe1\xa9""\xbbB'",0,6,-83
15:37:08,w1f189C3,"b'\xec\xe1\xa9""\xbb@'",5,6,-84
15:37:08,m0bi89C3,"b'\xec\xe1\xa9""\xbbA'",5,6,-84
15:37:09,iPhone,"b'\x1ecW""\xdc\xed'",3,6,-34
15:37:09,HUAWEI_E5576_E704,b'\xd8\xa4\x91\xa7\xe7\x04',3,7,-46
15:37:09,w1f189C3,"b'\xec\xe1\xa9""\xb7\xe0'",5,11,-88
15:37:09,Capitole,"b'\xec\xe1\xa9""\xb7\xe2'",0,11,-88
15:37:09,m0bi89C3,"b'\xec\xe1\xa9""\xb7\xe1'",5,11,-89
15:37:09,SETUP,b'\xd8\x0f\x99\x82F;',0,11,-93
15:37:11,iPhone,"b'\x1ecW""\xdc\xed'",3,6,-32
15:37:11,HUAWEI_E5576_E704,b'\xd8\xa4\x91\xa7\xe7\x04',3,7,-45
15:37:11,cabinet dentaire,b'pOW/\xff\n',3,3,-77
15:37:11,Zyxel_69C1,b'\\d\x8e@i\xc1',3,1,-89
15:37:13,iPhone,"b'\x1ecW""\xdc\xed'",3,6,-31
15:37:13,HUAWEI_E5576_E704,b'\xd8\xa4\x91\xa7\xe7\x04',3,7,-46
15:37:13,FreeWifi_secure,b'\x8a\x89\xab\xd5\x92\x15',5,11,-97
15:37:15,HUAWEI_E5576_E704,b'\xd8\xa4\x91\xa7\xe7\x04',3,7,-47
15:37:17,iPhone,"b'\x1ecW""\xdc\xed'",3,6,-35
15:37:17,HUAWEI_E5576_E704,b'\xd8\xa4\x91\xa7\xe7\x04',3,7,-48
15:37:19,iPhone,"b'\x1ecW""\xdc\xed'",3,6,-32
15:37:19,HUAWEI_E5576_E704,b'\xd8\xa4\x91\xa7\xe7\x04',3,7,-50
15:37:21,HUAWEI_E5576_E704,b'\xd8\xa4\x91\xa7\xe7\x04',3,7,-46
15:37:23,iPhone,"b'\x1ecW""\xdc\xed'",3,6,-34
15:37:23,SFR_DB38,b'\xcc-\x1b\xb8\xdb>',4,1,-96
15:37:24,iPhone,"b'\x1ecW""\xdc\xed'",3,6,-34
15:37:24,HUAWEI_E5576_E704,b'\xd8\xa4\x91\xa7\xe7\x04',3,7,-46
15:37:24,SFR-84f8,b'\x007\xb7\t\x84\xfe',4,6,-84
15:37:26,HUAWEI_E5576_E704,b'\xd8\xa4\x91\xa7\xe7\x04',3,7,-45
15:37:26,SFR WiFi Mobile,b'j-\x1b\x85M\xed',5,1,-87
15:37:26,Livebox-C0B0,b'`\x8d&K\xc0\xb0',3,11,-87
15:37:26,SFR_4DE8,b'\xcc-\x1b\x85M\xee',4,1,-88
15:37:26,SFR WiFi FON,b'j-\x1b\x85M\xef',0,1,-89
15:37:28,HUAWEI_E5576_E704,b'\xd8\xa4\x91\xa7\xe7\x04',3,7,-45
15:37:30,HUAWEI_E5576_E704,b'\xd8\xa4\x91\xa7\xe7\x04',3,7,-45
15:37:30,Livebox-ccc2,b'\x84\xa0n\x86\xcc\xc6',4,1,-93
15:37:32,iPhone,"b'\x1ecW""\xdc\xed'",3,6,-31
15:37:32,HUAWEI_E5576_E704,b'\xd8\xa4\x91\xa7\xe7\x04',3,7,-45
15:37:34,iPhone,"b'\x1ecW""\xdc\xed'",3,6,-39
15:37:34,SFR_1A5F,b'\xcc\x19\xa8o\x1a`',4,1,-90
15:37:36,HUAWEI_E5576_E704,b'\xd8\xa4\x91\xa7\xe7\x04',3,7,-42
15:37:36,SFR_D088,b'D\xce}&\xd0\x8d',3,1,-86
15:37:38,iPhone,"b'\x1ecW""\xdc\xed'",3,6,-33
15:37:38,HUAWEI_E5576_E704,b'\xd8\xa4\x91\xa7\xe7\x04',3,7,-41
15:37:38,SFR_D088,b'D\xce}&\xd0\x8d',3,1,-90
15:37:39,iPhone,"b'\x1ecW""\xdc\xed'",3,6,-35
15:37:39,HUAWEI_E5576_E704,b'\xd8\xa4\x91\xa7\xe7\x04',3,7,-42
15:37:39,Livebox-a8a0,b'\xd0\xae\xec\x7f\xb9\xc0',4,6,-86
15:37:41,iPhone,"b'\x1ecW""\xdc\xed'",3,6,-37
15:37:41,HUAWEI_E5576_E704,b'\xd8\xa4\x91\xa7\xe7\x04',3,7,-41
15:37:41,SFR_D088,b'D\xce}&\xd0\x8d',3,1,-87
15:37:43,iPhone,"b'\x1ecW""\xdc\xed'",3,6,-35
15:37:43,HUAWEI_E5576_E704,b'\xd8\xa4\x91\xa7\xe7\x04',3,7,-37
15:37:43,Livebox-a8a0,b'\xd0\xae\xec\x7f\xb9\xc0',4,6,-86
15:37:45,iPhone,"b'\x1ecW""\xdc\xed'",3,6,-35
15:37:45,HUAWEI_E5576_E704,b'\xd8\xa4\x91\xa7\xe7\x04',3,7,-38
15:37:45,Livebox-a8a0,b'\xd0\xae\xec\x7f\xb9\xc0',4,6,-84
15:37:45,SFR_D088,b'D\xce}&\xd0\x8d',3,1,-87
15:37:47,HUAWEI_E5576_E704,b'\xd8\xa4\x91\xa7\xe7\x04',3,7,-39
15:37:47,Livebox-a8a0,b'\xd0\xae\xec\x7f\xb9\xc0',4,6,-88
15:37:49,HUAWEI_E5576_E704,b'\xd8\xa4\x91\xa7\xe7\x04',3,7,-37
15:37:51,HUAWEI_E5576_E704,b'\xd8\xa4\x91\xa7\xe7\x04',3,7,-37
15:37:51,Livebox-a8a0,b'\xd0\xae\xec\x7f\xb9\xc0',4,6,-84
15:37:53,iPhone,"b'\x1ecW""\xdc\xed'",3,6,-37
15:37:53,SFR_D088,b'D\xce}&\xd0\x8d',3,1,-91
15:37:55,HUAWEI_E5576_E704,b'\xd8\xa4\x91\xa7\xe7\x04',3,7,-37
15:37:55,Livebox-a8a0,b'\xd0\xae\xec\x7f\xb9\xc0',4,6,-85
15:37:56,SFR_D088,b'D\xce}&\xd0\x8d',3,1,-83
15:37:56,SFR WiFi Mobile,b'ra\xf4\x079\r',5,1,-87
15:37:58,HUAWEI_E5576_E704,b'\xd8\xa4\x91\xa7\xe7\x04',3,7,-42
15:37:58,iPhone,"b'\x1ecW""\xdc\xed'",3,6,-43
15:37:58,SFR WiFi FON,b'ra\xf4\x079\x0f',0,1,-82
15:37:58,SFR WiFi Mobile,b'ra\xf4\x079\r',5,1,-83
15:37:58,Livebox-b092,b'\xd8\xa7V\xac\xb0\x96',4,6,-83
15:37:58,SFR_3908,b'la\xf4\x079\x0e',4,1,-84
15:37:58,Bbox-C7A165E6,b'd|4\x07e\x04',3,6,-84
15:37:58,SFR_D088,b'D\xce}&\xd0\x8d',3,1,-87
15:38:00,iPhone,"b'\x1ecW""\xdc\xed'",3,6,-36
15:38:00,HUAWEI_E5576_E704,b'\xd8\xa4\x91\xa7\xe7\x04',3,7,-44
15:38:00,Livebox-b092,b'\xd8\xa7V\xac\xb0\x96',4,6,-84
15:38:00,SFR WiFi Mobile,b'ra\xf4\x079\r',5,1,-86
15:38:00,SFR_3908,b'la\xf4\x079\x0e',4,1,-88
15:38:00,SFR WiFi FON,b'ra\xf4\x079\x0f',0,1,-88
15:38:02,HUAWEI_E5576_E704,b'\xd8\xa4\x91\xa7\xe7\x04',3,7,-44
15:38:02,MP Visiteurs,b'\xe6\xcb\xbc\x8dd\x15',0,11,-86
15:38:02,MP Tech,b'\xfa\xcb\xbc\x8dd\x15',3,11,-86
15:38:02,MP Nord,b'\xca\xcb\xbc\x8dd\x15',3,11,-86
15:38:02,SFR WiFi FON,b'r-\x1b\xb9L\xff',0,1,-87
15:38:02,SFR WiFi Mobile,b'r-\x1b\xb9L\xfd',5,1,-88
15:38:02,SFR_4CF8,b'\xcc-\x1b\xb9L\xfe',4,1,-89
15:38:02,Livebox-6870,b'\xec\xbe\xdd{hp',3,11,-95
15:38:04,iPhone,"b'\x1ecW""\xdc\xed'",3,6,-39
15:38:04,HUAWEI_E5576_E704,b'\xd8\xa4\x91\xa7\xe7\x04',3,7,-46
15:38:04,SFR WiFi Mobile,b'r-\x1b\xbf\x19U',5,6,-83
15:38:04,SFR WiFi FON,b'r-\x1b\xbf\x19W',0,6,-83
15:38:04,SFR_1950,b'\xcc-\x1b\xbf\x19V',4,6,-84
15:38:04,SFR WiFi FON,b'r-\x1b\xb9L\xff',0,1,-86
15:38:04,SFR WiFi Mobile,b'r-\x1b\xb9L\xfd',5,1,-86
15:38:06,iPhone,"b'\x1ecW""\xdc\xed'",3,6,-36
15:38:06,HUAWEI_E5576_E704,b'\xd8\xa4\x91\xa7\xe7\x04',3,7,-46
15:38:06,Cabinet,b'\xa8j\xbb\xf1\xde\xb0',4,6,-79
15:38:06,FreeWifi_secure,b'p\xfc\x8f;\xfdA',5,6,-81
15:38:06,SFR-8514,b'\x8c\x10\xd4\xf8\x85\x1a',4,1,-82
15:38:06,SFR WiFi Mobile,b'r-\x1b\xb9L\xfd',5,1,-84
15:38:06,SFR_4CF8,b'\xcc-\x1b\xb9L\xfe',4,1,-84
15:38:06,SFR WiFi FON,b'r-\x1b\xb9L\xff',0,1,-84
15:38:06,SFR WiFi Mobile,b'r-\x1b\xbf\x19U',5,6,-87
15:38:06,SFR_1950,b'\xcc-\x1b\xbf\x19V',4,6,-87
15:38:06,SFR WiFi FON,b'r-\x1b\xbf\x19W',0,6,-89
15:38:08,iPhone,"b'\x1ecW""\xdc\xed'",3,6,-35
15:38:08,HUAWEI_E5576_E704,b'\xd8\xa4\x91\xa7\xe7\x04',3,7,-48
15:38:08,Freebox-3BFD3E,b'p\xfc\x8f;\xfd?',3,6,-72
15:38:08,FreeWifi_secure,b'p\xfc\x8f;\xfdA',5,6,-72
15:38:08,SFR-8514,b'\x8c\x10\xd4\xf8\x85\x1a',4,1,-77
15:38:08,Cabinet,b'\xa8j\xbb\xf1\xde\xb0',4,6,-82
15:38:08,SFR WiFi Mobile,b'r-\x1b\xbf\x19U',5,6,-86
15:38:08,SFR WiFi FON,b'r-\x1b\xbf\x19W',0,6,-86
15:38:08,SFR_1950,b'\xcc-\x1b\xbf\x19V',4,6,-87
15:38:10,iPhone,"b'\x1ecW""\xdc\xed'",3,6,-40
15:38:10,HUAWEI_E5576_E704,b'\xd8\xa4\x91\xa7\xe7\x04',3,7,-43
15:38:10,Cabinet,b'\xa8j\xbb\xf1\xde\xb0',4,6,-71
15:38:10,SFR-8514,b'\x8c\x10\xd4\xf8\x85\x1a',4,1,-79
15:38:10,FREEBOX_JOSE_QF,b'\xf4\xca\xe5\xfe\x1a\x90',4,7,-84
15:38:10,Livebox-8BD6,b'D\xa6\x1e\x9e\x8b\xd6',3,1,-88
15:38:10,Bbox-12796CF3,b'4\xdb\x9c@\xe8P',4,6,-89
15:38:12,iPhone,"b'\x1ecW""\xdc\xed'",3,6,-41
15:38:12,HUAWEI_E5576_E704,b'\xd8\xa4\x91\xa7\xe7\x04',3,7,-48
15:38:12,Cabinet,b'\xa8j\xbb\xf1\xde\xb0',4,6,-72
15:38:14,iPhone,"b'\x1ecW""\xdc\xed'",3,6,-40
15:38:14,HUAWEI_E5576_E704,b'\xd8\xa4\x91\xa7\xe7\x04',3,7,-47
15:38:14,Cabinet,b'\xa8j\xbb\xf1\xde\xb0',4,6,-73
15:38:14,FreeWifi_secure,b'\xf4\xca\xe5\xfe\x1a\x92',5,7,-79
15:38:14,Freebox-3BFD3E,b'p\xfc\x8f;\xfd?',3,6,-87
15:38:14,Freebox-35B4A5,b'\x8c\x97\xea\x86e\xd8',3,11,-96
15:38:16,iPhone,"b'\x1ecW""\xdc\xed'",3,6,-36
15:38:16,HUAWEI_E5576_E704,b'\xd8\xa4\x91\xa7\xe7\x04',3,7,-48
15:38:16,Cabinet,b'\xa8j\xbb\xf1\xde\xb0',4,6,-69
15:38:16,FreeWifi_secure,b'\xf4\xca\xe5\xfe\x1a\x92',5,7,-79
15:38:16,Livebox-8BD6,b'D\xa6\x1e\x9e\x8b\xd6',3,1,-87
15:38:16,Freebox-3BFD3E,b'p\xfc\x8f;\xfd?',3,6,-90
15:38:16,Freebox-35B4A5,b'\x8c\x97\xea\x86e\xd8',3,11,-97
15:38:18,HUAWEI_E5576_E704,b'\xd8\xa4\x91\xa7\xe7\x04',3,7,-44
15:38:18,Cabinet,b'\xa8j\xbb\xf1\xde\xb0',4,6,-71
15:38:18,Freebox-3BFD3E,b'p\xfc\x8f;\xfd?',3,6,-88
15:38:18,SFR-8514,b'\x8c\x10\xd4\xf8\x85\x1a',4,1,-89
15:38:18,Livebox-4910,b'\xd4\xf8}lI\x10',3,1,-90
15:38:20,HUAWEI_E5576_E704,b'\xd8\xa4\x91\xa7\xe7\x04',3,7,-44
15:38:20,Cabinet,b'\xa8j\xbb\xf1\xde\xb0',4,6,-74
15:38:20,FREEBOX_JOSE_QF,b'\xf4\xca\xe5\xfe\x1a\x90',4,7,-76
15:38:22,HUAWEI_E5576_E704,b'\xd8\xa4\x91\xa7\xe7\x04',3,7,-44
15:38:22,iPhone,"b'\x1ecW""\xdc\xed'",3,6,-46
15:38:22,Cabinet,b'\xa8j\xbb\xf1\xde\xb0',4,6,-72
15:38:22,FreeWifi_secure,b'\xf4\xca\xe5\xfe\x1a\x92',5,7,-74
15:38:22,Livebox-6870,b'\xec\xbe\xdd{hp',3,11,-84
15:38:22,Livebox-8BD6,b'D\xa6\x1e\x9e\x8b\xd6',3,1,-93
15:38:22,SFR WiFi FON,b'r-\x1b\xbf\x19W',0,6,-94
15:38:22,SFR WiFi Mobile,b'r-\x1b\xbf\x19U',5,6,-95
15:38:22,SFR_1950,b'\xcc-\x1b\xbf\x19V',4,6,-95
15:38:24,iPhone,"b'\x1ecW""\xdc\xed'",3,6,-34
15:38:24,HUAWEI_E5576_E704,b'\xd8\xa4\x91\xa7\xe7\x04',3,7,-42
15:38:24,Livebox-4910,b'\xd4\xf8}lI\x10',3,1,-82
15:38:24,FreeWifi_secure,b'p\xfc\x8f;\xfdA',5,6,-91
15:38:24,Bbox-12796CF3,b'4\xdb\x9c@\xe8P',4,6,-92
15:38:26,HUAWEI_E5576_E704,b'\xd8\xa4\x91\xa7\xe7\x04',3,7,-44
15:38:26,Cabinet,b'\xa8j\xbb\xf1\xde\xb0',4,6,-70
15:38:28,iPhone,"b'\x1ecW""\xdc\xed'",3,6,-34
15:38:28,HUAWEI_E5576_E704,b'\xd8\xa4\x91\xa7\xe7\x04',3,7,-43
15:38:30,iPhone,"b'\x1ecW""\xdc\xed'",3,6,-22
15:38:30,HUAWEI_E5576_E704,b'\xd8\xa4\x91\xa7\xe7\x04',3,7,-44
15:38:30,FREEBOX_JOSE_QF,b'\xf4\xca\xe5\xfe\x1a\x90',4,7,-91
15:38:31,iPhone,"b'\x1ecW""\xdc\xed'",3,6,-42
15:38:31,HUAWEI_E5576_E704,b'\xd8\xa4\x91\xa7\xe7\x04',3,7,-48
15:38:31,Livebox-DF70,b'4I[\xaf\xdfp',3,1,-89
15:38:33,HUAWEI_E5576_E704,b'\xd8\xa4\x91\xa7\xe7\x04',3,7,-45
15:38:33,SFR WiFi Mobile,b'r-\x1b~\xc9:',5,1,-74
15:38:33,SFR_C938,b'\xcc-\x1b~\xc9>',4,1,-74
15:38:33,SFR WiFi FON,b'r-\x1b~\xc9?',0,1,-74
15:38:35,iPhone,"b'\x1ecW""\xdc\xed'",3,6,-40
15:38:35,HUAWEI_E5576_E704,b'\xd8\xa4\x91\xa7\xe7\x04',3,7,-47
15:38:37,HUAWEI_E5576_E704,b'\xd8\xa4\x91\xa7\xe7\x04',3,7,-42
15:38:37,iPhone,"b'\x1ecW""\xdc\xed'",3,6,-43
15:38:37,PTITFU,b'\xe4\x9e\x12\x16\xdb-',4,1,-81
15:38:39,HUAWEI_E5576_E704,b'\xd8\xa4\x91\xa7\xe7\x04',3,7,-43
15:38:41,HUAWEI_E5576_E704,b'\xd8\xa4\x91\xa7\xe7\x04',3,7,-42
15:38:43,HUAWEI_E5576_E704,b'\xd8\xa4\x91\xa7\xe7\x04',3,7,-44
15:38:43,Bbox-CCHLV,b'\x10\xd7\xb0\xda\xa2\x16',4,11,-85
15:38:45,HUAWEI_E5576_E704,b'\xd8\xa4\x91\xa7\xe7\x04',3,7,-45
15:38:46,HUAWEI_E5576_E704,b'\xd8\xa4\x91\xa7\xe7\x04',3,7,-45
15:38:48,iPhone,"b'\x1ecW""\xdc\xed'",3,6,-44
15:38:48,HUAWEI_E5576_E704,b'\xd8\xa4\x91\xa7\xe7\x04',3,7,-45
15:38:48,Bbox-CCHLV,b'\x10\xd7\xb0\xda\xa2\x16',4,11,-94
15:38:50,iPhone,"b'\x1ecW""\xdc\xed'",3,6,-39
15:38:50,HUAWEI_E5576_E704,b'\xd8\xa4\x91\xa7\xe7\x04',3,7,-42
15:38:50,CIC,b'd\xf6\x9dJa\xe2',0,1,-89
15:38:52,iPhone,"b'\x1ecW""\xdc\xed'",3,6,-40
15:38:54,iPhone,"b'\x1ecW""\xdc\xed'",3,6,-37
15:38:54,HUAWEI_E5576_E704,b'\xd8\xa4\x91\xa7\xe7\x04',3,7,-45
15:38:56,iPhone,"b'\x1ecW""\xdc\xed'",3,6,-34
15:38:56,HUAWEI_E5576_E704,b'\xd8\xa4\x91\xa7\xe7\x04',3,7,-42
15:38:58,iPhone,"b'\x1ecW""\xdc\xed'",3,6,-31
15:38:58,HUAWEI_E5576_E704,b'\xd8\xa4\x91\xa7\xe7\x04',3,7,-38
15:38:58,Bbox-CCHLV,b' \x9a}\xf9]\xfa',4,11,-95
15:38:59,iPhone,"b'\x1ecW""\xdc\xed'",3,6,-29
15:38:59,HUAWEI_E5576_E704,b'\xd8\xa4\x91\xa7\xe7\x04',3,7,-43
15:39:01,iPhone,"b'\x1ecW""\xdc\xed'",3,6,-30
15:39:01,HUAWEI_E5576_E704,b'\xd8\xa4\x91\xa7\xe7\x04',3,7,-45
15:39:03,iPhone,"b'\x1ecW""\xdc\xed'",3,6,-29
15:39:03,HUAWEI_E5576_E704,b'\xd8\xa4\x91\xa7\xe7\x04',3,7,-44
15:39:05,HUAWEI_E5576_E704,b'\xd8\xa4\x91\xa7\xe7\x04',3,7,-42
15:39:07,iPhone,"b'\x1ecW""\xdc\xed'",3,6,-33
15:39:07,HUAWEI_E5576_E704,b'\xd8\xa4\x91\xa7\xe7\x04',3,7,-42
15:39:09,iPhone,"b'\x1ecW""\xdc\xed'",3,6,-28
15:39:09,HUAWEI_E5576_E704,b'\xd8\xa4\x91\xa7\xe7\x04',3,7,-41
15:39:11,HUAWEI_E5576_E704,b'\xd8\xa4\x91\xa7\xe7\x04',3,7,-37
15:39:12,iPhone,"b'\x1ecW""\xdc\xed'",3,6,-29
15:39:12,HUAWEI_E5576_E704,b'\xd8\xa4\x91\xa7\xe7\x04',3,7,-38
15:39:14,iPhone,"b'\x1ecW""\xdc\xed'",3,6,-31
15:39:14,HUAWEI_E5576_E704,b'\xd8\xa4\x91\xa7\xe7\x04',3,7,-44
15:39:16,HUAWEI_E5576_E704,b'\xd8\xa4\x91\xa7\xe7\x04',3,7,-40
15:39:18,iPhone,"b'\x1ecW""\xdc\xed'",3,6,-30
15:39:18,HUAWEI_E5576_E704,b'\xd8\xa4\x91\xa7\xe7\x04',3,7,-40
15:39:20,iPhone,"b'\x1ecW""\xdc\xed'",3,6,-36
15:39:20,HUAWEI_E5576_E704,b'\xd8\xa4\x91\xa7\xe7\x04',3,7,-43
15:39:22,HUAWEI_E5576_E704,b'\xd8\xa4\x91\xa7\xe7\x04',3,7,-40
15:39:22,CIC,b'd\xf6\x9dJa\xe2',0,1,-85
15:39:24,HUAWEI_E5576_E704,b'\xd8\xa4\x91\xa7\xe7\x04',3,7,-42
15:39:24,CIC,b'd\xf6\x9dJa\xe2',0,1,-76
15:39:24,Livebox-449E,b'\xa0\x1b}\x85D\x9e',4,6,-88
15:39:25,iPhone,"b'\x1ecW""\xdc\xed'",3,6,-39
15:39:25,HUAWEI_E5576_E704,b'\xd8\xa4\x91\xa7\xe7\x04',3,7,-40
15:39:25,CIC,b'd\xf6\x9dJa\xe2',0,1,-84
15:39:25,SA$A,b'pOW}\xbaz',3,11,-94
15:39:27,iPhone,"b'\x1ecW""\xdc\xed'",3,6,-41
15:39:27,HUAWEI_E5576_E704,b'\xd8\xa4\x91\xa7\xe7\x04',3,7,-44
15:39:27,CIC,b'd\xf6\x9dJa\xe2',0,1,-89
15:39:27,SA$A,b'pOW}\xbaz',3,11,-91
15:39:29,iPhone,"b'\x1ecW""\xdc\xed'",3,6,-39
15:39:29,CIC,b'd\xf6\x9dJa\xe2',0,1,-88
15:39:29,SA$A,b'pOW}\xbaz',3,11,-90
15:39:31,HUAWEI_E5576_E704,b'\xd8\xa4\x91\xa7\xe7\x04',3,7,-37
15:39:31,iPhone,"b'\x1ecW""\xdc\xed'",3,6,-39
15:39:31,SA$A,b'pOW}\xbaz',3,11,-93
15:39:33,HUAWEI_E5576_E704,b'\xd8\xa4\x91\xa7\xe7\x04',3,7,-42
15:39:33,SA$A,b'pOW}\xbaz',3,11,-90
15:39:35,HUAWEI_E5576_E704,b'\xd8\xa4\x91\xa7\xe7\x04',3,7,-44
15:39:35,SA$A,b'pOW}\xbaz',3,11,-85
15:39:37,iPhone,"b'\x1ecW""\xdc\xed'",3,6,-34
15:39:37,HUAWEI_E5576_E704,b'\xd8\xa4\x91\xa7\xe7\x04',3,7,-43
15:39:37,SA$A,b'pOW}\xbaz',3,11,-89
15:39:39,HUAWEI_E5576_E704,b'\xd8\xa4\x91\xa7\xe7\x04',3,7,-47
15:39:41,HUAWEI_E5576_E704,b'\xd8\xa4\x91\xa7\xe7\x04',3,7,-45
15:39:42,iPhone,"b'\x1ecW""\xdc\xed'",3,6,-36
15:39:42,HUAWEI_E5576_E704,b'\xd8\xa4\x91\xa7\xe7\x04',3,7,-45
15:39:44,HUAWEI_E5576_E704,b'\xd8\xa4\x91\xa7\xe7\x04',3,7,-52
15:39:44,Freebox-3C4586,b' f\xcf\xfb\xefp',3,1,-91
15:39:46,HUAWEI_E5576_E704,b'\xd8\xa4\x91\xa7\xe7\x04',3,7,-55
15:39:46,SA$A,b'pOW}\xbaz',3,11,-93
15:39:48,iPhone,"b'\x1ecW""\xdc\xed'",3,6,-31
15:39:48,HUAWEI_E5576_E704,b'\xd8\xa4\x91\xa7\xe7\x04',3,7,-41
15:39:48,SA$A,b'pOW}\xbaz',3,11,-95
15:39:50,iPhone,"b'\x1ecW""\xdc\xed'",3,6,-32
15:39:50,HUAWEI_E5576_E704,b'\xd8\xa4\x91\xa7\xe7\x04',3,7,-41
15:39:52,iPhone,"b'\x1ecW""\xdc\xed'",3,6,-31
15:39:52,HUAWEI_E5576_E704,b'\xd8\xa4\x91\xa7\xe7\x04',3,7,-41
15:39:54,iPhone,"b'\x1ecW""\xdc\xed'",3,6,-32
15:39:54,HUAWEI_E5576_E704,b'\xd8\xa4\x91\xa7\xe7\x04',3,7,-39
15:39:55,HUAWEI_E5576_E704,b'\xd8\xa4\x91\xa7\xe7\x04',3,7,-39
15:39:57,iPhone,"b'\x1ecW""\xdc\xed'",3,6,-33
15:39:57,HUAWEI_E5576_E704,b'\xd8\xa4\x91\xa7\xe7\x04',3,7,-41
15:39:59,iPhone,"b'\x1ecW""\xdc\xed'",3,6,-30
15:39:59,HUAWEI_E5576_E704,b'\xd8\xa4\x91\xa7\xe7\x04',3,7,-43
15:40:01,HUAWEI_E5576_E704,b'\xd8\xa4\x91\xa7\xe7\x04',3,7,-38
15:40:03,iPhone,"b'\x1ecW""\xdc\xed'",3,6,-31
15:40:03,HUAWEI_E5576_E704,b'\xd8\xa4\x91\xa7\xe7\x04',3,7,-37
15:40:03,SA$A,b'pOW}\xbaz',3,11,-89
15:40:05,iPhone,"b'\x1ecW""\xdc\xed'",3,6,-32
15:40:05,HUAWEI_E5576_E704,b'\xd8\xa4\x91\xa7\xe7\x04',3,7,-36
15:40:05,Freebox-3C4586,b'\xdc\x00\xb0\x86:\x1d',3,1,-91
15:40:05,SA$A,b'pOW}\xbaz',3,11,-91
15:40:07,iPhone,"b'\x1ecW""\xdc\xed'",3,6,-29
15:40:07,HUAWEI_E5576_E704,b'\xd8\xa4\x91\xa7\xe7\x04',3,7,-38
15:40:09,iPhone,"b'\x1ecW""\xdc\xed'",3,6,-36
15:40:09,HUAWEI_E5576_E704,b'\xd8\xa4\x91\xa7\xe7\x04',3,7,-40
15:40:10,iPhone,"b'\x1ecW""\xdc\xed'",3,6,-28
15:40:10,HUAWEI_E5576_E704,b'\xd8\xa4\x91\xa7\xe7\x04',3,7,-36
15:40:10,P9000,"b'""Q\xcb\x99\x1e\x99'",3,1,-91
15:40:12,HUAWEI_E5576_E704,b'\xd8\xa4\x91\xa7\xe7\x04',3,7,-38
15:40:12,freebox_W,"b'\xf4\xca\xe5\xa0\x87,'",4,1,-72
15:40:12,FreeWifi_secure,b'\xf4\xca\xe5\xa0\x87.',5,1,-72
15:40:14,iPhone,"b'\x1ecW""\xdc\xed'",3,6,-29
15:40:14,HUAWEI_E5576_E704,b'\xd8\xa4\x91\xa7\xe7\x04',3,7,-36
15:40:14,Univers,b'H}RZ\x8b\xe6',3,6,-93
15:40:16,iPhone,"b'\x1ecW""\xdc\xed'",3,6,-29
15:40:16,HUAWEI_E5576_E704,b'\xd8\xa4\x91\xa7\xe7\x04',3,7,-42
15:40:16,freebox_W,"b'\xf4\xca\xe5\xa0\x87,'",4,1,-90
15:40:18,iPhone,"b'\x1ecW""\xdc\xed'",3,6,-30
15:40:18,HUAWEI_E5576_E704,b'\xd8\xa4\x91\xa7\xe7\x04',3,7,-36
15:40:18,Maison3,b'X\xefh\xb2\xc9x',3,1,-91
15:40:20,HUAWEI_E5576_E704,b'\xd8\xa4\x91\xa7\xe7\x04',3,7,-35
15:40:22,iPhone,"b'\x1ecW""\xdc\xed'",3,6,-32
15:40:22,HUAWEI_E5576_E704,b'\xd8\xa4\x91\xa7\xe7\x04',3,7,-36
15:40:24,HUAWEI_E5576_E704,b'\xd8\xa4\x91\xa7\xe7\x04',3,7,-41
15:40:25,iPhone,"b'\x1ecW""\xdc\xed'",3,6,-29
15:40:27,iPhone,"b'\x1ecW""\xdc\xed'",3,6,-31
15:40:27,HUAWEI_E5576_E704,b'\xd8\xa4\x91\xa7\xe7\x04',3,7,-41
15:40:29,iPhone,"b'\x1ecW""\xdc\xed'",3,6,-29
15:40:29,HUAWEI_E5576_E704,b'\xd8\xa4\x91\xa7\xe7\x04',3,7,-35
15:40:31,HUAWEI_E5576_E704,b'\xd8\xa4\x91\xa7\xe7\x04',3,7,-35
15:40:33,HUAWEI_E5576_E704,b'\xd8\xa4\x91\xa7\xe7\x04',3,7,-34
15:40:33,iPhone,"b'\x1ecW""\xdc\xed'",3,6,-36
15:40:35,iPhone,"b'\x1ecW""\xdc\xed'",3,6,-29
15:40:35,HUAWEI_E5576_E704,b'\xd8\xa4\x91\xa7\xe7\x04',3,7,-36
15:40:35,SFR_F6D8,b'\xe4]Qn\xf6\xde',4,6,-87
15:40:35,Livebox-4AA0,b'\x98Be\x07J\xa0',3,11,-87
15:40:37,iPhone,"b'\x1ecW""\xdc\xed'",3,6,-29
15:40:37,HUAWEI_E5576_E704,b'\xd8\xa4\x91\xa7\xe7\x04',3,7,-36
15:40:37,SFR_F6D8,b'\xe4]Qn\xf6\xde',4,6,-85
15:40:38,iPhone,"b'\x1ecW""\xdc\xed'",3,6,-29
15:40:38,HUAWEI_E5576_E704,b'\xd8\xa4\x91\xa7\xe7\x04',3,7,-36
15:40:38,SFR_F6D8,b'\xe4]Qn\xf6\xde',4,6,-86
15:40:40,iPhone,"b'\x1ecW""\xdc\xed'",3,6,-30
15:40:40,HUAWEI_E5576_E704,b'\xd8\xa4\x91\xa7\xe7\x04',3,7,-36
15:40:42,HUAWEI_E5576_E704,b'\xd8\xa4\x91\xa7\xe7\x04',3,7,-36
15:40:44,iPhone,"b'\x1ecW""\xdc\xed'",3,6,-30
15:40:44,HUAWEI_E5576_E704,b'\xd8\xa4\x91\xa7\xe7\x04',3,7,-42
15:40:46,HUAWEI_E5576_E704,b'\xd8\xa4\x91\xa7\xe7\x04',3,7,-38
15:40:50,iPhone,"b'\x1ecW""\xdc\xed'",3,6,-30
15:40:50,HUAWEI_E5576_E704,b'\xd8\xa4\x91\xa7\xe7\x04',3,7,-35
15:40:51,iPhone,"b'\x1ecW""\xdc\xed'",3,6,-31
15:40:51,HUAWEI_E5576_E704,b'\xd8\xa4\x91\xa7\xe7\x04',3,7,-36
15:40:53,iPhone,"b'\x1ecW""\xdc\xed'",3,6,-30
15:40:53,HUAWEI_E5576_E704,b'\xd8\xa4\x91\xa7\xe7\x04',3,7,-36
15:40:55,iPhone,"b'\x1ecW""\xdc\xed'",3,6,-30
15:40:55,HUAWEI_E5576_E704,b'\xd8\xa4\x91\xa7\xe7\x04',3,7,-39
15:40:57,HUAWEI_E5576_E704,b'\xd8\xa4\x91\xa7\xe7\x04',3,7,-35
15:40:59,iPhone,"b'\x1ecW""\xdc\xed'",3,6,-29
15:40:59,HUAWEI_E5576_E704,b'\xd8\xa4\x91\xa7\xe7\x04',3,7,-35
15:41:01,HUAWEI_E5576_E704,b'\xd8\xa4\x91\xa7\xe7\x04',3,7,-35
15:41:01,iPhone,"b'\x1ecW""\xdc\xed'",3,6,-41
15:41:03,HUAWEI_E5576_E704,b'\xd8\xa4\x91\xa7\xe7\x04',3,7,-36
15:41:04,iPhone,"b'\x1ecW""\xdc\xed'",3,6,-29
15:41:04,HUAWEI_E5576_E704,b'\xd8\xa4\x91\xa7\xe7\x04',3,7,-35
15:41:06,HUAWEI_E5576_E704,b'\xd8\xa4\x91\xa7\xe7\x04',3,7,-39
15:41:08,HUAWEI_E5576_E704,b'\xd8\xa4\x91\xa7\xe7\x04',3,7,-36
15:41:10,HUAWEI_E5576_E704,b'\xd8\xa4\x91\xa7\xe7\x04',3,7,-36
15:41:12,iPhone,"b'\x1ecW""\xdc\xed'",3,6,-29
15:41:12,HUAWEI_E5576_E704,b'\xd8\xa4\x91\xa7\xe7\x04',3,7,-39
15:41:14,HUAWEI_E5576_E704,b'\xd8\xa4\x91\xa7\xe7\x04',3,7,-39
15:41:16,iPhone,"b'\x1ecW""\xdc\xed'",3,6,-31
15:41:16,HUAWEI_E5576_E704,b'\xd8\xa4\x91\xa7\xe7\x04',3,7,-36
15:41:17,HUAWEI_E5576_E704,b'\xd8\xa4\x91\xa7\xe7\x04',3,7,-35
15:41:17,iPhone,"b'\x1ecW""\xdc\xed'",3,6,-41
15:41:19,iPhone,"b'\x1ecW""\xdc\xed'",3,6,-30
15:41:19,HUAWEI_E5576_E704,b'\xd8\xa4\x91\xa7\xe7\x04',3,7,-39
15:41:21,iPhone,"b'\x1ecW""\xdc\xed'",3,6,-30
15:41:21,HUAWEI_E5576_E704,b'\xd8\xa4\x91\xa7\xe7\x04',3,7,-40
15:41:23,HUAWEI_E5576_E704,b'\xd8\xa4\x91\xa7\xe7\x04',3,7,-37
15:41:23,Lion Brigode,b'\x80*\xa8J\x85\x12',3,11,-89
15:41:25,HUAWEI_E5576_E704,b'\xd8\xa4\x91\xa7\xe7\x04',3,7,-37
15:41:25,Lion Brigode,b'\x80*\xa8J\x85\x12',3,11,-90
15:41:25,Work 0 Lion,b'\x86*\xa8J\x85\x12',3,11,-91
15:41:27,iPhone,"b'\x1ecW""\xdc\xed'",3,6,-31
15:41:27,HUAWEI_E5576_E704,b'\xd8\xa4\x91\xa7\xe7\x04',3,7,-37
15:41:29,iPhone,"b'\x1ecW""\xdc\xed'",3,6,-30
15:41:29,HUAWEI_E5576_E704,b'\xd8\xa4\x91\xa7\xe7\x04',3,7,-40
15:41:31,HUAWEI_E5576_E704,b'\xd8\xa4\x91\xa7\xe7\x04',3,7,-37
15:41:32,iPhone,"b'\x1ecW""\xdc\xed'",3,6,-30
15:41:32,HUAWEI_E5576_E704,b'\xd8\xa4\x91\xa7\xe7\x04',3,7,-39
15:41:34,HUAWEI_E5576_E704,b'\xd8\xa4\x91\xa7\xe7\x04',3,7,-35
15:41:36,iPhone,"b'\x1ecW""\xdc\xed'",3,6,-30
15:41:36,HUAWEI_E5576_E704,b'\xd8\xa4\x91\xa7\xe7\x04',3,7,-34
15:41:38,iPhone,"b'\x1ecW""\xdc\xed'",3,6,-31
15:41:38,HUAWEI_E5576_E704,b'\xd8\xa4\x91\xa7\xe7\x04',3,7,-35
15:41:40,HUAWEI_E5576_E704,b'\xd8\xa4\x91\xa7\xe7\x04',3,7,-37
15:41:42,iPhone,"b'\x1ecW""\xdc\xed'",3,6,-30
15:41:42,HUAWEI_E5576_E704,b'\xd8\xa4\x91\xa7\xe7\x04',3,7,-37
15:41:45,HUAWEI_E5576_E704,b'\xd8\xa4\x91\xa7\xe7\x04',3,7,-42
15:41:47,iPhone,"b'\x1ecW""\xdc\xed'",3,6,-40
15:41:47,HUAWEI_E5576_E704,b'\xd8\xa4\x91\xa7\xe7\x04',3,7,-44
15:41:49,iPhone,"b'\x1ecW""\xdc\xed'",3,6,-37
15:41:49,HUAWEI_E5576_E704,b'\xd8\xa4\x91\xa7\xe7\x04',3,7,-38
15:41:51,HUAWEI_E5576_E704,b'\xd8\xa4\x91\xa7\xe7\x04',3,7,-41
15:41:53,iPhone,"b'\x1ecW""\xdc\xed'",3,6,-34
15:41:53,HUAWEI_E5576_E704,b'\xd8\xa4\x91\xa7\xe7\x04',3,7,-39
15:41:55,HUAWEI_E5576_E704,b'\xd8\xa4\x91\xa7\xe7\x04',3,7,-41
15:41:56,HUAWEI_E5576_E704,b'\xd8\xa4\x91\xa7\xe7\x04',3,7,-40
15:41:58,iPhone,"b'\x1ecW""\xdc\xed'",3,6,-36
15:41:58,HUAWEI_E5576_E704,b'\xd8\xa4\x91\xa7\xe7\x04',3,7,-41
15:42:00,iPhone,"b'\x1ecW""\xdc\xed'",3,6,-35
15:42:00,HUAWEI_E5576_E704,b'\xd8\xa4\x91\xa7\xe7\x04',3,7,-44
15:42:02,HUAWEI_E5576_E704,b'\xd8\xa4\x91\xa7\xe7\x04',3,7,-39
15:42:02,iPhone,"b'\x1ecW""\xdc\xed'",3,6,-39
15:42:04,HUAWEI_E5576_E704,b'\xd8\xa4\x91\xa7\xe7\x04',3,7,-40
15:42:06,iPhone,"b'\x1ecW""\xdc\xed'",3,6,-35
15:42:06,HUAWEI_E5576_E704,b'\xd8\xa4\x91\xa7\xe7\x04',3,7,-39
15:42:08,iPhone,"b'\x1ecW""\xdc\xed'",3,6,-33
15:42:08,HUAWEI_E5576_E704,b'\xd8\xa4\x91\xa7\xe7\x04',3,7,-40
15:42:10,iPhone,"b'\x1ecW""\xdc\xed'",3,6,-29
15:42:10,HUAWEI_E5576_E704,b'\xd8\xa4\x91\xa7\xe7\x04',3,7,-43
15:42:11,iPhone,"b'\x1ecW""\xdc\xed'",3,6,-28
15:42:11,HUAWEI_E5576_E704,b'\xd8\xa4\x91\xa7\xe7\x04',3,7,-41
15:42:13,HUAWEI_E5576_E704,b'\xd8\xa4\x91\xa7\xe7\x04',3,7,-39
15:42:13,iPhone,"b'\x1ecW""\xdc\xed'",3,6,-40
15:42:15,iPhone,"b'\x1ecW""\xdc\xed'",3,6,-31
15:42:15,HUAWEI_E5576_E704,b'\xd8\xa4\x91\xa7\xe7\x04',3,7,-60
15:42:17,iPhone,"b'\x1ecW""\xdc\xed'",3,6,-21
15:42:17,HUAWEI_E5576_E704,b'\xd8\xa4\x91\xa7\xe7\x04',3,7,-54
15:42:19,iPhone,"b'\x1ecW""\xdc\xed'",3,6,-36
15:42:19,HUAWEI_E5576_E704,b'\xd8\xa4\x91\xa7\xe7\x04',3,7,-44
15:42:21,iPhone,"b'\x1ecW""\xdc\xed'",3,6,-36
15:42:21,HUAWEI_E5576_E704,b'\xd8\xa4\x91\xa7\xe7\x04',3,7,-60
15:42:23,HUAWEI_E5576_E704,b'\xd8\xa4\x91\xa7\xe7\x04',3,7,-45
15:42:24,iPhone,"b'\x1ecW""\xdc\xed'",3,6,-34
15:42:24,HUAWEI_E5576_E704,b'\xd8\xa4\x91\xa7\xe7\x04',3,7,-53
15:42:26,iPhone,"b'\x1ecW""\xdc\xed'",3,6,-43
15:42:26,HUAWEI_E5576_E704,b'\xd8\xa4\x91\xa7\xe7\x04',3,7,-53
15:42:28,HUAWEI_E5576_E704,b'\xd8\xa4\x91\xa7\xe7\x04',3,7,-62
15:42:30,iPhone,"b'\x1ecW""\xdc\xed'",3,6,-44
15:42:30,HUAWEI_E5576_E704,b'\xd8\xa4\x91\xa7\xe7\x04',3,7,-76
15:42:32,iPhone,"b'\x1ecW""\xdc\xed'",3,6,-42
15:42:32,HUAWEI_E5576_E704,b'\xd8\xa4\x91\xa7\xe7\x04',3,7,-77
15:42:34,HUAWEI_E5576_E704,b'\xd8\xa4\x91\xa7\xe7\x04',3,7,-73
15:42:36,iPhone,"b'\x1ecW""\xdc\xed'",3,6,-20
15:42:36,HUAWEI_E5576_E704,b'\xd8\xa4\x91\xa7\xe7\x04',3,7,-75
15:42:37,HUAWEI_E5576_E704,b'\xd8\xa4\x91\xa7\xe7\x04',3,7,-72
15:42:41,iPhone,"b'\x1ecW""\xdc\xed'",3,6,-21
15:42:43,iPhone,"b'\x1ecW""\xdc\xed'",3,6,-28
15:42:47,iPhone,"b'\x1ecW""\xdc\xed'",3,6,-30
15:42:50,iPhone,"b'\x1ecW""\xdc\xed'",3,6,-33
15:42:52,iPhone,"b'\x1ecW""\xdc\xed'",3,6,-33
15:42:52,Porsche_WLAN_8182,b'\xd6&\xa4\xda\xf5H',3,6,-89
15:42:54,iPhone,"b'\x1ecW""\xdc\xed'",3,6,-45
